r2_cid,r2_sid
"Delft3D   ","Continuity"
"Delft3D   ","ModTemp   "
"Delft3D   ","FrCon     "
"Delft3D   ","FrFlow    "
"Delft3D   ","SalBnd    "
"Delft3D   ","Salinity  "
"Delft3D   ","Cl        "
"Delft3D   ","IM1       "
"Delft3D   ","IM2       "
"Delft3D   ","IM3       "
"Delft3D   ","Cd        "
"Delft3D   ","Cu        "
"Delft3D   ","Zn        "
"Delft3D   ","Cr        "
"Delft3D   ","Hg        "
"Delft3D   ","Pb        "
"Delft3D   ","As        "
"Delft3D   ","Va        "
"Delft3D   ","Ni        "
"Delft3D   ","BODC      "
"Delft3D   ","Green     "
"Delft3D   ","Diat      "
"Delft3D   ","NO3       "
"Delft3D   ","NH4       "
"Delft3D   ","DetN      "
"Delft3D   ","PO4       "
"Delft3D   ","AAP       "
"Delft3D   ","DetP      "
"Delft3D   ","Si        "
"Delft3D   ","DetSi     "
"Delft3D   ","OXY       "
"Delft3D   ","TColi     "
"Delft3D   ","EColi     "
"Delft3D   ","FColi     "
"Delft3D   ","EnCoc     "
"Delft3D   ","153       "
"Delft3D   ","ATR       "
"Delft3D   ","BaP       "
"Delft3D   ","Flu       "
"Delft3D   ","Mef       "
"Delft3D   ","Diu       "
"Delft3D   ","HCH       "
"Delft3D   ","HCB       "
"Delft3D   ","cTR1      "
"Delft3D   ","dTR1      "
"Delft3D   ","cTR2      "
"Delft3D   ","dTR2      "
"Delft3D   ","cTR3      "
"Delft3D   ","dTR3      "
"Delft3D   ","cTR4      "
"Delft3D   ","dTR4      "
"Delft3D   ","cTR5      "
"Delft3D   ","dTR5      "
"Delft3D   ","TIC       "
"Delft3D   ","H+        "
"Delft3D   ","H2O       "
"Delft3D   ","CBOD5     "
"Delft3D   ","CBOD5_2   "
"Delft3D   ","CBOD5_3   "
"Delft3D   ","CBODu     "
"Delft3D   ","CBODu_2   "
"Delft3D   ","COD_Cr    "
"Delft3D   ","COD_Mn    "
"Delft3D   ","NBOD5     "
"Delft3D   ","NBODu     "
"Delft3D   ","POC1      "
"Delft3D   ","POC2      "
"Delft3D   ","POC3      "
"Delft3D   ","POC4      "
"Delft3D   ","DOC       "
"Delft3D   ","PON1      "
"Delft3D   ","PON2      "
"Delft3D   ","PON3      "
"Delft3D   ","PON4      "
"Delft3D   ","DON       "
"Delft3D   ","POP1      "
"Delft3D   ","POP2      "
"Delft3D   ","POP3      "
"Delft3D   ","POP4      "
"Delft3D   ","DOP       "
"Delft3D   ","POS1      "
"Delft3D   ","POS2      "
"Delft3D   ","POS3      "
"Delft3D   ","POS4      "
"Delft3D   ","DOS       "
"Delft3D   ","Opal      "
"Delft3D   ","MPB1peli  "
"Delft3D   ","MPB2psam  "
"Delft3D   ","Mnd1Diat-m"
"Delft3D   ","Mnd2Flag-m"
"Delft3D   ","Mnd3Diat-f"
"Delft3D   ","Mnd4Flag-f"
"Delft3D   ","BLOOMALG01"
"Delft3D   ","BLOOMALG02"
"Delft3D   ","BLOOMALG03"
"Delft3D   ","BLOOMALG04"
"Delft3D   ","BLOOMALG05"
"Delft3D   ","BLOOMALG06"
"Delft3D   ","BLOOMALG07"
"Delft3D   ","BLOOMALG08"
"Delft3D   ","BLOOMALG09"
"Delft3D   ","BLOOMALG10"
"Delft3D   ","BLOOMALG11"
"Delft3D   ","BLOOMALG12"
"Delft3D   ","BLOOMALG13"
"Delft3D   ","BLOOMALG14"
"Delft3D   ","BLOOMALG15"
"Delft3D   ","BLOOMALG16"
"Delft3D   ","BLOOMALG17"
"Delft3D   ","BLOOMALG18"
"Delft3D   ","BLOOMALG19"
"Delft3D   ","BLOOMALG20"
"Delft3D   ","BLOOMALG21"
"Delft3D   ","BLOOMALG22"
"Delft3D   ","BLOOMALG23"
"Delft3D   ","BLOOMALG24"
"Delft3D   ","BLOOMALG25"
"Delft3D   ","BLOOMALG26"
"Delft3D   ","BLOOMALG27"
"Delft3D   ","BLOOMALG28"
"Delft3D   ","BLOOMALG29"
"Delft3D   ","BLOOMALG30"
"Delft3D   ","OMP       "
"Delft3D   ","SO4       "
"Delft3D   ","SUD       "
"Delft3D   ","SUP       "
"Delft3D   ","VIVP      "
"Delft3D   ","APATP     "
"Delft3D   ","CH4       "
"Delft3D   ","CO2       "
"Delft3D   ","Alka      "
"Delft3D   ","FeIIIpa   "
"Delft3D   ","FeIIIpc   "
"Delft3D   ","FeIIId    "
"Delft3D   ","FeIId     "
"Delft3D   ","FeS       "
"Delft3D   ","FeS2      "
"Delft3D   ","FeCO3     "
"Delft3D   ","APHANFIX  "
"Delft3D   ","APHANIZO  "
"Delft3D   ","BLUEGRN   "
"Delft3D   ","DINOFLAG  "
"Delft3D   ","DINOMIX   "
"Delft3D   ","FDIATOMS  "
"Delft3D   ","FFLAGELA  "
"Delft3D   ","GREENS    "
"Delft3D   ","MDIATOMS  "
"Delft3D   ","MFLAGELA  "
"Delft3D   ","MICROCYS  "
"Delft3D   ","OSCILAT   "
"Delft3D   ","PHAEOCYS  "
"Delft3D   ","UlvaF     "
"Delft3D   ","UlvaS     "
"Delft3D   ","NODULA    "
"Delft3D   ","ANABAENA  "
"Delft3D   ","AlgN      "
"Delft3D   ","AlgP      "
"Delft3D   ","AlgSi     "
"Delft3D   ","IM1S1     "
"Delft3D   ","IM2S1     "
"Delft3D   ","IM3S1     "
"Delft3D   ","OOCS1     "
"Delft3D   ","IM1S2     "
"Delft3D   ","IM2S2     "
"Delft3D   ","IM3S2     "
"Delft3D   ","OOCS2     "
"Delft3D   ","DetCS1    "
"Delft3D   ","DiatS1    "
"Delft3D   ","GreenS1   "
"Delft3D   ","AAPS1     "
"Delft3D   ","DetNS1    "
"Delft3D   ","DetPS1    "
"Delft3D   ","DetSiS1   "
"Delft3D   ","OONS1     "
"Delft3D   ","OOPS1     "
"Delft3D   ","OOSiS1    "
"Delft3D   ","MPB1peliS1"
"Delft3D   ","MPB2psamS1"
"Delft3D   ","DetCS2    "
"Delft3D   ","DiatS2    "
"Delft3D   ","GreenS2   "
"Delft3D   ","AAPS2     "
"Delft3D   ","DetNS2    "
"Delft3D   ","DetPS2    "
"Delft3D   ","DetSiS2   "
"Delft3D   ","OONS2     "
"Delft3D   ","OOPS2     "
"Delft3D   ","OOSiS2    "
"Delft3D   ","MPB1peliS2"
"Delft3D   ","MPB2psamS2"
"Delft3D   ","POC5      "
"Delft3D   ","PON5      "
"Delft3D   ","POP5      "
"Delft3D   ","POS5      "
"Delft3D   ","SOD       "
"Delft3D   ","Bulkvolume"
"Delft3D   ","Cd-Dis    "
"Delft3D   ","Cd-Par    "
"Delft3D   ","Cr-Dis    "
"Delft3D   ","Cr-Par    "
"Delft3D   ","Cu-Dis    "
"Delft3D   ","Cu-Par    "
"Delft3D   ","Hg-Dis    "
"Delft3D   ","Hg-Par    "
"Delft3D   ","Ni-Dis    "
"Delft3D   ","Ni-Par    "
"Delft3D   ","Pb-Dis    "
"Delft3D   ","Pb-Par    "
"Delft3D   ","As-Dis    "
"Delft3D   ","As-Par    "
"Delft3D   ","Va-Dis    "
"Delft3D   ","Va-Par    "
"Delft3D   ","Zn-Dis    "
"Delft3D   ","Zn-Par    "
"Delft3D   ","CdS1      "
"Delft3D   ","CdS1-Dis  "
"Delft3D   ","CdS1-Par  "
"Delft3D   ","CrS1      "
"Delft3D   ","CrS1-Dis  "
"Delft3D   ","CrS1-Par  "
"Delft3D   ","CuS1      "
"Delft3D   ","CuS1-Dis  "
"Delft3D   ","CuS1-Par  "
"Delft3D   ","HgS1      "
"Delft3D   ","HgS1-Dis  "
"Delft3D   ","HgS1-Par  "
"Delft3D   ","NiS1      "
"Delft3D   ","NiS1-Dis  "
"Delft3D   ","NiS1-Par  "
"Delft3D   ","PbS1      "
"Delft3D   ","PbS1-Dis  "
"Delft3D   ","PbS1-Par  "
"Delft3D   ","AsS1      "
"Delft3D   ","AsS1-Dis  "
"Delft3D   ","AsS1-Par  "
"Delft3D   ","VaS1      "
"Delft3D   ","VaS1-Dis  "
"Delft3D   ","VaS1-Par  "
"Delft3D   ","ZnS1      "
"Delft3D   ","ZnS1-Dis  "
"Delft3D   ","ZnS1-Par  "
"Delft3D   ","CdS2      "
"Delft3D   ","CdS2-Dis  "
"Delft3D   ","CdS2-Par  "
"Delft3D   ","CrS2      "
"Delft3D   ","CrS2-Dis  "
"Delft3D   ","CrS2-Par  "
"Delft3D   ","CuS2      "
"Delft3D   ","CuS2-Dis  "
"Delft3D   ","CuS2-Par  "
"Delft3D   ","HgS2      "
"Delft3D   ","HgS2-Dis  "
"Delft3D   ","HgS2-Par  "
"Delft3D   ","NiS2      "
"Delft3D   ","NiS2-Dis  "
"Delft3D   ","NiS2-Par  "
"Delft3D   ","PbS2      "
"Delft3D   ","PbS2-Dis  "
"Delft3D   ","PbS2-Par  "
"Delft3D   ","AsS2      "
"Delft3D   ","AsS2-Dis  "
"Delft3D   ","AsS2-Par  "
"Delft3D   ","VaS2      "
"Delft3D   ","VaS2-Dis  "
"Delft3D   ","VaS2-Par  "
"Delft3D   ","ZnS2      "
"Delft3D   ","ZnS2-Dis  "
"Delft3D   ","ZnS2-Par  "
"Delft3D   ","153S1     "
"Delft3D   ","153S1-Dis "
"Delft3D   ","153S1-Par "
"Delft3D   ","AtrS1     "
"Delft3D   ","AtrS1-Dis "
"Delft3D   ","AtrS1-Par "
"Delft3D   ","BaPS1     "
"Delft3D   ","BaPS1-Dis "
"Delft3D   ","BaPS1-Par "
"Delft3D   ","DiuS1     "
"Delft3D   ","DiuS1-Dis "
"Delft3D   ","DiuS1-Par "
"Delft3D   ","FluS1     "
"Delft3D   ","FluS1-Dis "
"Delft3D   ","FluS1-Par "
"Delft3D   ","HCBS1     "
"Delft3D   ","HCBS1-Dis "
"Delft3D   ","HCBS1-Par "
"Delft3D   ","HCHS1     "
"Delft3D   ","HCHS1-Dis "
"Delft3D   ","HCHS1-Par "
"Delft3D   ","MefS1     "
"Delft3D   ","MefS1-Dis "
"Delft3D   ","MefS1-Par "
"Delft3D   ","153S2     "
"Delft3D   ","153S2-Dis "
"Delft3D   ","153S2-Par "
"Delft3D   ","AtrS2     "
"Delft3D   ","AtrS2-Dis "
"Delft3D   ","AtrS2-Par "
"Delft3D   ","BaPS2     "
"Delft3D   ","BaPS2-Dis "
"Delft3D   ","BaPS2-Par "
"Delft3D   ","DiuS2     "
"Delft3D   ","DiuS2-Dis "
"Delft3D   ","DiuS2-Par "
"Delft3D   ","FluS2     "
"Delft3D   ","FluS2-Dis "
"Delft3D   ","FluS2-Par "
"Delft3D   ","HCBS2     "
"Delft3D   ","HCBS2-Dis "
"Delft3D   ","HCBS2-Par "
"Delft3D   ","HCHS2     "
"Delft3D   ","HCHS2-Dis "
"Delft3D   ","HCHS2-Par "
"Delft3D   ","MefS2     "
"Delft3D   ","MefS2-Dis "
"Delft3D   ","MefS2-Par "
"Delft3D   ","153-dis   "
"Delft3D   ","153-par   "
"Delft3D   ","Atr-dis   "
"Delft3D   ","Atr-par   "
"Delft3D   ","BaP-dis   "
"Delft3D   ","BaP-par   "
"Delft3D   ","Diu-dis   "
"Delft3D   ","Diu-par   "
"Delft3D   ","Flu-dis   "
"Delft3D   ","Flu-par   "
"Delft3D   ","HCB-dis   "
"Delft3D   ","HCB-par   "
"Delft3D   ","HCH-dis   "
"Delft3D   ","HCH-par   "
"Delft3D   ","Mef-dis   "
"Delft3D   ","Mef-par   "
"Delft3D   ","POSi1     "
"Delft3D   ","NH3       "
"Delft3D   ","OMPS1     "
"Delft3D   ","OMPS1-Dis "
"Delft3D   ","OMPS1-Par "
"Delft3D   ","OMPS2     "
"Delft3D   ","OMPS2-Dis "
"Delft3D   ","OMPS2-Par "
"Delft3D   ","OMP-dis   "
"Delft3D   ","OMP-par   "
"Delft3D   ","VB01      "
"Delft3D   ","VB02      "
"Delft3D   ","VB03      "
"Delft3D   ","VB04      "
"Delft3D   ","VB05      "
"Delft3D   ","VB06      "
"Delft3D   ","VB07      "
"Delft3D   ","VB08      "
"Delft3D   ","VB09      "
"Sobek     ","Continuity"
"Sobek     ","ModTemp   "
"Sobek     ","FrCon     "
"Sobek     ","FrFlow    "
"Sobek     ","SalBnd    "
"Sobek     ","Salinity  "
"Sobek     ","Cl        "
"Sobek     ","IM1       "
"Sobek     ","IM2       "
"Sobek     ","IM3       "
"Sobek     ","Cd        "
"Sobek     ","Cu        "
"Sobek     ","Zn        "
"Sobek     ","Cr        "
"Sobek     ","Hg        "
"Sobek     ","Pb        "
"Sobek     ","As        "
"Sobek     ","Va        "
"Sobek     ","Ni        "
"Sobek     ","BODC      "
"Sobek     ","Green     "
"Sobek     ","Diat      "
"Sobek     ","NO3       "
"Sobek     ","NH4       "
"Sobek     ","DetN      "
"Sobek     ","PO4       "
"Sobek     ","AAP       "
"Sobek     ","DetP      "
"Sobek     ","Si        "
"Sobek     ","DetSi     "
"Sobek     ","OXY       "
"Sobek     ","TColi     "
"Sobek     ","EColi     "
"Sobek     ","FColi     "
"Sobek     ","EnCoc     "
"Sobek     ","153       "
"Sobek     ","ATR       "
"Sobek     ","BaP       "
"Sobek     ","Flu       "
"Sobek     ","Mef       "
"Sobek     ","Diu       "
"Sobek     ","HCH       "
"Sobek     ","HCB       "
"Sobek     ","cTR1      "
"Sobek     ","dTR1      "
"Sobek     ","cTR2      "
"Sobek     ","dTR2      "
"Sobek     ","cTR3      "
"Sobek     ","dTR3      "
"Sobek     ","cTR4      "
"Sobek     ","dTR4      "
"Sobek     ","cTR5      "
"Sobek     ","dTR5      "
"Sobek     ","TIC       "
"Sobek     ","H+        "
"Sobek     ","H2O       "
"Sobek     ","CBOD5     "
"Sobek     ","CBOD5_2   "
"Sobek     ","CBOD5_3   "
"Sobek     ","CBODu     "
"Sobek     ","CBODu_2   "
"Sobek     ","COD_Cr    "
"Sobek     ","COD_Mn    "
"Sobek     ","NBOD5     "
"Sobek     ","NBODu     "
"Sobek     ","POC1      "
"Sobek     ","POC2      "
"Sobek     ","POC3      "
"Sobek     ","POC4      "
"Sobek     ","DOC       "
"Sobek     ","PON1      "
"Sobek     ","PON2      "
"Sobek     ","PON3      "
"Sobek     ","PON4      "
"Sobek     ","DON       "
"Sobek     ","POP1      "
"Sobek     ","POP2      "
"Sobek     ","POP3      "
"Sobek     ","POP4      "
"Sobek     ","DOP       "
"Sobek     ","POS1      "
"Sobek     ","POS2      "
"Sobek     ","POS3      "
"Sobek     ","POS4      "
"Sobek     ","DOS       "
"Sobek     ","Opal      "
"Sobek     ","MPB1peli  "
"Sobek     ","MPB2psam  "
"Sobek     ","Mnd1Diat-m"
"Sobek     ","Mnd2Flag-m"
"Sobek     ","Mnd3Diat-f"
"Sobek     ","Mnd4Flag-f"
"Sobek     ","BLOOMALG01"
"Sobek     ","BLOOMALG02"
"Sobek     ","BLOOMALG03"
"Sobek     ","BLOOMALG04"
"Sobek     ","BLOOMALG05"
"Sobek     ","BLOOMALG06"
"Sobek     ","BLOOMALG07"
"Sobek     ","BLOOMALG08"
"Sobek     ","BLOOMALG09"
"Sobek     ","BLOOMALG10"
"Sobek     ","BLOOMALG11"
"Sobek     ","BLOOMALG12"
"Sobek     ","BLOOMALG13"
"Sobek     ","BLOOMALG14"
"Sobek     ","BLOOMALG15"
"Sobek     ","BLOOMALG16"
"Sobek     ","BLOOMALG17"
"Sobek     ","BLOOMALG18"
"Sobek     ","BLOOMALG19"
"Sobek     ","BLOOMALG20"
"Sobek     ","BLOOMALG21"
"Sobek     ","BLOOMALG22"
"Sobek     ","BLOOMALG23"
"Sobek     ","BLOOMALG24"
"Sobek     ","BLOOMALG25"
"Sobek     ","BLOOMALG26"
"Sobek     ","BLOOMALG27"
"Sobek     ","BLOOMALG28"
"Sobek     ","BLOOMALG29"
"Sobek     ","BLOOMALG30"
"Sobek     ","OMP       "
"Sobek     ","SO4       "
"Sobek     ","SUD       "
"Sobek     ","SUP       "
"Sobek     ","VIVP      "
"Sobek     ","APATP     "
"Sobek     ","CH4       "
"Sobek     ","CO2       "
"Sobek     ","Alka      "
"Sobek     ","FeIIIpa   "
"Sobek     ","FeIIIpc   "
"Sobek     ","FeIIId    "
"Sobek     ","FeIId     "
"Sobek     ","FeS       "
"Sobek     ","FeS2      "
"Sobek     ","FeCO3     "
"Sobek     ","APHANFIX  "
"Sobek     ","APHANIZO  "
"Sobek     ","BLUEGRN   "
"Sobek     ","DINOFLAG  "
"Sobek     ","DINOMIX   "
"Sobek     ","FDIATOMS  "
"Sobek     ","FFLAGELA  "
"Sobek     ","GREENS    "
"Sobek     ","MDIATOMS  "
"Sobek     ","MFLAGELA  "
"Sobek     ","MICROCYS  "
"Sobek     ","OSCILAT   "
"Sobek     ","PHAEOCYS  "
"Sobek     ","UlvaF     "
"Sobek     ","UlvaS     "
"Sobek     ","NODULA    "
"Sobek     ","ANABAENA  "
"Sobek     ","AlgN      "
"Sobek     ","AlgP      "
"Sobek     ","AlgSi     "
"Sobek     ","IM1S1     "
"Sobek     ","IM2S1     "
"Sobek     ","IM3S1     "
"Sobek     ","OOCS1     "
"Sobek     ","IM1S2     "
"Sobek     ","IM2S2     "
"Sobek     ","IM3S2     "
"Sobek     ","OOCS2     "
"Sobek     ","DetCS1    "
"Sobek     ","DiatS1    "
"Sobek     ","GreenS1   "
"Sobek     ","AAPS1     "
"Sobek     ","DetNS1    "
"Sobek     ","DetPS1    "
"Sobek     ","DetSiS1   "
"Sobek     ","OONS1     "
"Sobek     ","OOPS1     "
"Sobek     ","OOSiS1    "
"Sobek     ","MPB1peliS1"
"Sobek     ","MPB2psamS1"
"Sobek     ","DetCS2    "
"Sobek     ","DiatS2    "
"Sobek     ","GreenS2   "
"Sobek     ","AAPS2     "
"Sobek     ","DetNS2    "
"Sobek     ","DetPS2    "
"Sobek     ","DetSiS2   "
"Sobek     ","OONS2     "
"Sobek     ","OOPS2     "
"Sobek     ","OOSiS2    "
"Sobek     ","MPB1peliS2"
"Sobek     ","MPB2psamS2"
"Sobek     ","POC5      "
"Sobek     ","PON5      "
"Sobek     ","POP5      "
"Sobek     ","POS5      "
"Sobek     ","SOD       "
"Sobek     ","Bulkvolume"
"Sobek     ","Cd-Dis    "
"Sobek     ","Cd-Par    "
"Sobek     ","Cr-Dis    "
"Sobek     ","Cr-Par    "
"Sobek     ","Cu-Dis    "
"Sobek     ","Cu-Par    "
"Sobek     ","Hg-Dis    "
"Sobek     ","Hg-Par    "
"Sobek     ","Ni-Dis    "
"Sobek     ","Ni-Par    "
"Sobek     ","Pb-Dis    "
"Sobek     ","Pb-Par    "
"Sobek     ","As-Dis    "
"Sobek     ","As-Par    "
"Sobek     ","Va-Dis    "
"Sobek     ","Va-Par    "
"Sobek     ","Zn-Dis    "
"Sobek     ","Zn-Par    "
"Sobek     ","CdS1      "
"Sobek     ","CdS1-Dis  "
"Sobek     ","CdS1-Par  "
"Sobek     ","CrS1      "
"Sobek     ","CrS1-Dis  "
"Sobek     ","CrS1-Par  "
"Sobek     ","CuS1      "
"Sobek     ","CuS1-Dis  "
"Sobek     ","CuS1-Par  "
"Sobek     ","HgS1      "
"Sobek     ","HgS1-Dis  "
"Sobek     ","HgS1-Par  "
"Sobek     ","NiS1      "
"Sobek     ","NiS1-Dis  "
"Sobek     ","NiS1-Par  "
"Sobek     ","PbS1      "
"Sobek     ","PbS1-Dis  "
"Sobek     ","PbS1-Par  "
"Sobek     ","AsS1      "
"Sobek     ","AsS1-Dis  "
"Sobek     ","AsS1-Par  "
"Sobek     ","VaS1      "
"Sobek     ","VaS1-Dis  "
"Sobek     ","VaS1-Par  "
"Sobek     ","ZnS1      "
"Sobek     ","ZnS1-Dis  "
"Sobek     ","ZnS1-Par  "
"Sobek     ","CdS2      "
"Sobek     ","CdS2-Dis  "
"Sobek     ","CdS2-Par  "
"Sobek     ","CrS2      "
"Sobek     ","CrS2-Dis  "
"Sobek     ","CrS2-Par  "
"Sobek     ","CuS2      "
"Sobek     ","CuS2-Dis  "
"Sobek     ","CuS2-Par  "
"Sobek     ","HgS2      "
"Sobek     ","HgS2-Dis  "
"Sobek     ","HgS2-Par  "
"Sobek     ","NiS2      "
"Sobek     ","NiS2-Dis  "
"Sobek     ","NiS2-Par  "
"Sobek     ","PbS2      "
"Sobek     ","PbS2-Dis  "
"Sobek     ","PbS2-Par  "
"Sobek     ","AsS2      "
"Sobek     ","AsS2-Dis  "
"Sobek     ","AsS2-Par  "
"Sobek     ","VaS2      "
"Sobek     ","VaS2-Dis  "
"Sobek     ","VaS2-Par  "
"Sobek     ","ZnS2      "
"Sobek     ","ZnS2-Dis  "
"Sobek     ","ZnS2-Par  "
"Sobek     ","153S1     "
"Sobek     ","153S1-Dis "
"Sobek     ","153S1-Par "
"Sobek     ","AtrS1     "
"Sobek     ","AtrS1-Dis "
"Sobek     ","AtrS1-Par "
"Sobek     ","BaPS1     "
"Sobek     ","BaPS1-Dis "
"Sobek     ","BaPS1-Par "
"Sobek     ","DiuS1     "
"Sobek     ","DiuS1-Dis "
"Sobek     ","DiuS1-Par "
"Sobek     ","FluS1     "
"Sobek     ","FluS1-Dis "
"Sobek     ","FluS1-Par "
"Sobek     ","HCBS1     "
"Sobek     ","HCBS1-Dis "
"Sobek     ","HCBS1-Par "
"Sobek     ","HCHS1     "
"Sobek     ","HCHS1-Dis "
"Sobek     ","HCHS1-Par "
"Sobek     ","MefS1     "
"Sobek     ","MefS1-Dis "
"Sobek     ","MefS1-Par "
"Sobek     ","153S2     "
"Sobek     ","153S2-Dis "
"Sobek     ","153S2-Par "
"Sobek     ","AtrS2     "
"Sobek     ","AtrS2-Dis "
"Sobek     ","AtrS2-Par "
"Sobek     ","BaPS2     "
"Sobek     ","BaPS2-Dis "
"Sobek     ","BaPS2-Par "
"Sobek     ","DiuS2     "
"Sobek     ","DiuS2-Dis "
"Sobek     ","DiuS2-Par "
"Sobek     ","FluS2     "
"Sobek     ","FluS2-Dis "
"Sobek     ","FluS2-Par "
"Sobek     ","HCBS2     "
"Sobek     ","HCBS2-Dis "
"Sobek     ","HCBS2-Par "
"Sobek     ","HCHS2     "
"Sobek     ","HCHS2-Dis "
"Sobek     ","HCHS2-Par "
"Sobek     ","MefS2     "
"Sobek     ","MefS2-Dis "
"Sobek     ","MefS2-Par "
"Sobek     ","153-dis   "
"Sobek     ","153-par   "
"Sobek     ","Atr-dis   "
"Sobek     ","Atr-par   "
"Sobek     ","BaP-dis   "
"Sobek     ","BaP-par   "
"Sobek     ","Diu-dis   "
"Sobek     ","Diu-par   "
"Sobek     ","Flu-dis   "
"Sobek     ","Flu-par   "
"Sobek     ","HCB-dis   "
"Sobek     ","HCB-par   "
"Sobek     ","HCH-dis   "
"Sobek     ","HCH-par   "
"Sobek     ","Mef-dis   "
"Sobek     ","Mef-par   "
"Sobek     ","POSi1     "
"Sobek     ","NH3       "
"Sobek     ","OMPS1     "
"Sobek     ","OMPS1-Dis "
"Sobek     ","OMPS1-Par "
"Sobek     ","OMPS2     "
"Sobek     ","OMPS2-Dis "
"Sobek     ","OMPS2-Par "
"Sobek     ","OMP-dis   "
"Sobek     ","OMP-par   "
"Sobek     ","VB01      "
"Sobek     ","VB02      "
"Sobek     ","VB03      "
"Sobek     ","VB04      "
"Sobek     ","VB05      "
"Sobek     ","VB06      "
"Sobek     ","VB07      "
"Sobek     ","VB08      "
"Sobek     ","VB09      "
"WAQ       ","Continuity"
"WAQ       ","ModTemp   "
"WAQ       ","FrCon     "
"WAQ       ","FrFlow    "
"WAQ       ","SalBnd    "
"WAQ       ","Salinity  "
"WAQ       ","Cl        "
"WAQ       ","IM1       "
"WAQ       ","IM2       "
"WAQ       ","IM3       "
"WAQ       ","Cd        "
"WAQ       ","Cu        "
"WAQ       ","Zn        "
"WAQ       ","Cr        "
"WAQ       ","Hg        "
"WAQ       ","Pb        "
"WAQ       ","As        "
"WAQ       ","Va        "
"WAQ       ","Ni        "
"WAQ       ","BODC      "
"WAQ       ","NO3       "
"WAQ       ","NH4       "
"WAQ       ","DetN      "
"WAQ       ","PO4       "
"WAQ       ","AAP       "
"WAQ       ","DetP      "
"WAQ       ","Si        "
"WAQ       ","DetSi     "
"WAQ       ","OXY       "
"WAQ       ","TColi     "
"WAQ       ","EColi     "
"WAQ       ","FColi     "
"WAQ       ","EnCoc     "
"WAQ       ","153       "
"WAQ       ","ATR       "
"WAQ       ","BaP       "
"WAQ       ","Flu       "
"WAQ       ","Mef       "
"WAQ       ","Diu       "
"WAQ       ","HCH       "
"WAQ       ","HCB       "
"WAQ       ","cTR1      "
"WAQ       ","dTR1      "
"WAQ       ","cTR2      "
"WAQ       ","dTR2      "
"WAQ       ","cTR3      "
"WAQ       ","dTR3      "
"WAQ       ","cTR4      "
"WAQ       ","dTR4      "
"WAQ       ","cTR5      "
"WAQ       ","dTR5      "
"WAQ       ","TIC       "
"WAQ       ","H+        "
"WAQ       ","H2O       "
"WAQ       ","CBOD5     "
"WAQ       ","CBOD5_2   "
"WAQ       ","CBOD5_3   "
"WAQ       ","CBODu     "
"WAQ       ","CBODu_2   "
"WAQ       ","COD_Cr    "
"WAQ       ","COD_Mn    "
"WAQ       ","NBOD5     "
"WAQ       ","NBODu     "
"WAQ       ","POC1      "
"WAQ       ","POC2      "
"WAQ       ","POC3      "
"WAQ       ","POC4      "
"WAQ       ","DOC       "
"WAQ       ","PON1      "
"WAQ       ","PON2      "
"WAQ       ","PON3      "
"WAQ       ","PON4      "
"WAQ       ","DON       "
"WAQ       ","POP1      "
"WAQ       ","POP2      "
"WAQ       ","POP3      "
"WAQ       ","POP4      "
"WAQ       ","DOP       "
"WAQ       ","POS1      "
"WAQ       ","POS2      "
"WAQ       ","POS3      "
"WAQ       ","POS4      "
"WAQ       ","DOS       "
"WAQ       ","Opal      "
"WAQ       ","MPB1peli  "
"WAQ       ","MPB2psam  "
"WAQ       ","Mnd1Diat-m"
"WAQ       ","Mnd2Flag-m"
"WAQ       ","Mnd3Diat-f"
"WAQ       ","Mnd4Flag-f"
"WAQ       ","OMP       "
"WAQ       ","SO4       "
"WAQ       ","SUD       "
"WAQ       ","SUP       "
"WAQ       ","VIVP      "
"WAQ       ","APATP     "
"WAQ       ","CH4       "
"WAQ       ","CO2       "
"WAQ       ","Alka      "
"WAQ       ","FeIIIpa   "
"WAQ       ","FeIIIpc   "
"WAQ       ","FeIIId    "
"WAQ       ","FeIId     "
"WAQ       ","FeS       "
"WAQ       ","FeS2      "
"WAQ       ","FeCO3     "
"WAQ       ","APHANFIX  "
"WAQ       ","APHANIZO  "
"WAQ       ","BLUEGRN   "
"WAQ       ","DINOFLAG  "
"WAQ       ","DINOMIX   "
"WAQ       ","FDIATOMS  "
"WAQ       ","FFLAGELA  "
"WAQ       ","GREENS    "
"WAQ       ","MDIATOMS  "
"WAQ       ","MFLAGELA  "
"WAQ       ","MICROCYS  "
"WAQ       ","OSCILAT   "
"WAQ       ","PHAEOCYS  "
"WAQ       ","UlvaF     "
"WAQ       ","UlvaS     "
"WAQ       ","NODULA    "
"WAQ       ","ANABAENA  "
"WAQ       ","AlgN      "
"WAQ       ","AlgP      "
"WAQ       ","AlgSi     "
"WAQ       ","IM1S1     "
"WAQ       ","IM2S1     "
"WAQ       ","IM3S1     "
"WAQ       ","OOCS1     "
"WAQ       ","IM1S2     "
"WAQ       ","IM2S2     "
"WAQ       ","IM3S2     "
"WAQ       ","OOCS2     "
"WAQ       ","DetCS1    "
"WAQ       ","DiatS1    "
"WAQ       ","GreenS1   "
"WAQ       ","AAPS1     "
"WAQ       ","DetNS1    "
"WAQ       ","DetPS1    "
"WAQ       ","DetSiS1   "
"WAQ       ","OONS1     "
"WAQ       ","OOPS1     "
"WAQ       ","OOSiS1    "
"WAQ       ","MPB1peliS1"
"WAQ       ","MPB2psamS1"
"WAQ       ","DetCS2    "
"WAQ       ","DiatS2    "
"WAQ       ","GreenS2   "
"WAQ       ","AAPS2     "
"WAQ       ","DetNS2    "
"WAQ       ","DetPS2    "
"WAQ       ","DetSiS2   "
"WAQ       ","OONS2     "
"WAQ       ","OOPS2     "
"WAQ       ","OOSiS2    "
"WAQ       ","MPB1peliS2"
"WAQ       ","MPB2psamS2"
"WAQ       ","POC5      "
"WAQ       ","PON5      "
"WAQ       ","POP5      "
"WAQ       ","POS5      "
"WAQ       ","SOD       "
"WAQ       ","Bulkvolume"
"WAQ       ","Cd-Dis    "
"WAQ       ","Cd-Par    "
"WAQ       ","Cr-Dis    "
"WAQ       ","Cr-Par    "
"WAQ       ","Cu-Dis    "
"WAQ       ","Cu-Par    "
"WAQ       ","Hg-Dis    "
"WAQ       ","Hg-Par    "
"WAQ       ","Ni-Dis    "
"WAQ       ","Ni-Par    "
"WAQ       ","Pb-Dis    "
"WAQ       ","Pb-Par    "
"WAQ       ","As-Dis    "
"WAQ       ","As-Par    "
"WAQ       ","Va-Dis    "
"WAQ       ","Va-Par    "
"WAQ       ","Zn-Dis    "
"WAQ       ","Zn-Par    "
"WAQ       ","CdS1      "
"WAQ       ","CdS1-Dis  "
"WAQ       ","CdS1-Par  "
"WAQ       ","CrS1      "
"WAQ       ","CrS1-Dis  "
"WAQ       ","CrS1-Par  "
"WAQ       ","CuS1      "
"WAQ       ","CuS1-Dis  "
"WAQ       ","CuS1-Par  "
"WAQ       ","HgS1      "
"WAQ       ","HgS1-Dis  "
"WAQ       ","HgS1-Par  "
"WAQ       ","NiS1      "
"WAQ       ","NiS1-Dis  "
"WAQ       ","NiS1-Par  "
"WAQ       ","PbS1      "
"WAQ       ","PbS1-Dis  "
"WAQ       ","PbS1-Par  "
"WAQ       ","AsS1      "
"WAQ       ","AsS1-Dis  "
"WAQ       ","AsS1-Par  "
"WAQ       ","VaS1      "
"WAQ       ","VaS1-Dis  "
"WAQ       ","VaS1-Par  "
"WAQ       ","ZnS1      "
"WAQ       ","ZnS1-Dis  "
"WAQ       ","ZnS1-Par  "
"WAQ       ","CdS2      "
"WAQ       ","CdS2-Dis  "
"WAQ       ","CdS2-Par  "
"WAQ       ","CrS2      "
"WAQ       ","CrS2-Dis  "
"WAQ       ","CrS2-Par  "
"WAQ       ","CuS2      "
"WAQ       ","CuS2-Dis  "
"WAQ       ","CuS2-Par  "
"WAQ       ","HgS2      "
"WAQ       ","HgS2-Dis  "
"WAQ       ","HgS2-Par  "
"WAQ       ","NiS2      "
"WAQ       ","NiS2-Dis  "
"WAQ       ","NiS2-Par  "
"WAQ       ","PbS2      "
"WAQ       ","PbS2-Dis  "
"WAQ       ","PbS2-Par  "
"WAQ       ","AsS2      "
"WAQ       ","AsS2-Dis  "
"WAQ       ","AsS2-Par  "
"WAQ       ","VaS2      "
"WAQ       ","VaS2-Dis  "
"WAQ       ","VaS2-Par  "
"WAQ       ","ZnS2      "
"WAQ       ","ZnS2-Dis  "
"WAQ       ","ZnS2-Par  "
"WAQ       ","153S1     "
"WAQ       ","153S1-Dis "
"WAQ       ","153S1-Par "
"WAQ       ","AtrS1     "
"WAQ       ","AtrS1-Dis "
"WAQ       ","AtrS1-Par "
"WAQ       ","BaPS1     "
"WAQ       ","BaPS1-Dis "
"WAQ       ","BaPS1-Par "
"WAQ       ","DiuS1     "
"WAQ       ","DiuS1-Dis "
"WAQ       ","DiuS1-Par "
"WAQ       ","FluS1     "
"WAQ       ","FluS1-Dis "
"WAQ       ","FluS1-Par "
"WAQ       ","HCBS1     "
"WAQ       ","HCBS1-Dis "
"WAQ       ","HCBS1-Par "
"WAQ       ","HCHS1     "
"WAQ       ","HCHS1-Dis "
"WAQ       ","HCHS1-Par "
"WAQ       ","MefS1     "
"WAQ       ","MefS1-Dis "
"WAQ       ","MefS1-Par "
"WAQ       ","153S2     "
"WAQ       ","153S2-Dis "
"WAQ       ","153S2-Par "
"WAQ       ","AtrS2     "
"WAQ       ","AtrS2-Dis "
"WAQ       ","AtrS2-Par "
"WAQ       ","BaPS2     "
"WAQ       ","BaPS2-Dis "
"WAQ       ","BaPS2-Par "
"WAQ       ","DiuS2     "
"WAQ       ","DiuS2-Dis "
"WAQ       ","DiuS2-Par "
"WAQ       ","FluS2     "
"WAQ       ","FluS2-Dis "
"WAQ       ","FluS2-Par "
"WAQ       ","HCBS2     "
"WAQ       ","HCBS2-Dis "
"WAQ       ","HCBS2-Par "
"WAQ       ","HCHS2     "
"WAQ       ","HCHS2-Dis "
"WAQ       ","HCHS2-Par "
"WAQ       ","MefS2     "
"WAQ       ","MefS2-Dis "
"WAQ       ","MefS2-Par "
"WAQ       ","153-dis   "
"WAQ       ","153-par   "
"WAQ       ","Atr-dis   "
"WAQ       ","Atr-par   "
"WAQ       ","BaP-dis   "
"WAQ       ","BaP-par   "
"WAQ       ","Diu-dis   "
"WAQ       ","Diu-par   "
"WAQ       ","Flu-dis   "
"WAQ       ","Flu-par   "
"WAQ       ","HCB-dis   "
"WAQ       ","HCB-par   "
"WAQ       ","HCH-dis   "
"WAQ       ","HCH-par   "
"WAQ       ","Mef-dis   "
"WAQ       ","Mef-par   "
"WAQ       ","POSi1     "
"WAQ       ","NH3       "
"WAQ       ","OMPS1     "
"WAQ       ","OMPS1-Dis "
"WAQ       ","OMPS1-Par "
"WAQ       ","OMPS2     "
"WAQ       ","OMPS2-Dis "
"WAQ       ","OMPS2-Par "
"WAQ       ","OMP-dis   "
"WAQ       ","OMP-par   "
"WAQ       ","VB01      "
"WAQ       ","VB02      "
"WAQ       ","VB03      "
"WAQ       ","VB04      "
"WAQ       ","VB05      "
"WAQ       ","VB06      "
"WAQ       ","VB07      "
"WAQ       ","VB08      "
"WAQ       ","VB09      "
"WAQS      ","Continuity"
"WAQS      ","ModTemp   "
"WAQS      ","FrCon     "
"WAQS      ","FrFlow    "
"WAQS      ","SalBnd    "
"WAQS      ","Salinity  "
"WAQS      ","Cl        "
"WAQS      ","IM1       "
"WAQS      ","IM2       "
"WAQS      ","IM3       "
"WAQS      ","Cd        "
"WAQS      ","Cu        "
"WAQS      ","Zn        "
"WAQS      ","Cr        "
"WAQS      ","Hg        "
"WAQS      ","Pb        "
"WAQS      ","As        "
"WAQS      ","Va        "
"WAQS      ","Ni        "
"WAQS      ","BODC      "
"WAQS      ","Green     "
"WAQS      ","Diat      "
"WAQS      ","NO3       "
"WAQS      ","NH4       "
"WAQS      ","DetN      "
"WAQS      ","PO4       "
"WAQS      ","AAP       "
"WAQS      ","DetP      "
"WAQS      ","Si        "
"WAQS      ","DetSi     "
"WAQS      ","OXY       "
"WAQS      ","TColi     "
"WAQS      ","EColi     "
"WAQS      ","FColi     "
"WAQS      ","EnCoc     "
"WAQS      ","153       "
"WAQS      ","ATR       "
"WAQS      ","BaP       "
"WAQS      ","Flu       "
"WAQS      ","Mef       "
"WAQS      ","Diu       "
"WAQS      ","HCH       "
"WAQS      ","HCB       "
"WAQS      ","cTR1      "
"WAQS      ","dTR1      "
"WAQS      ","cTR2      "
"WAQS      ","dTR2      "
"WAQS      ","cTR3      "
"WAQS      ","dTR3      "
"WAQS      ","cTR4      "
"WAQS      ","dTR4      "
"WAQS      ","cTR5      "
"WAQS      ","dTR5      "
"WAQS      ","TIC       "
"WAQS      ","H+        "
"WAQS      ","H2O       "
"WAQS      ","CBOD5     "
"WAQS      ","CBOD5_2   "
"WAQS      ","CBOD5_3   "
"WAQS      ","CBODu     "
"WAQS      ","CBODu_2   "
"WAQS      ","COD_Cr    "
"WAQS      ","COD_Mn    "
"WAQS      ","NBOD5     "
"WAQS      ","NBODu     "
"WAQS      ","POC1      "
"WAQS      ","POC2      "
"WAQS      ","POC3      "
"WAQS      ","POC4      "
"WAQS      ","DOC       "
"WAQS      ","PON1      "
"WAQS      ","PON2      "
"WAQS      ","PON3      "
"WAQS      ","PON4      "
"WAQS      ","DON       "
"WAQS      ","POP1      "
"WAQS      ","POP2      "
"WAQS      ","POP3      "
"WAQS      ","POP4      "
"WAQS      ","DOP       "
"WAQS      ","POS1      "
"WAQS      ","POS2      "
"WAQS      ","POS3      "
"WAQS      ","POS4      "
"WAQS      ","DOS       "
"WAQS      ","Opal      "
"WAQS      ","MPB1peli  "
"WAQS      ","MPB2psam  "
"WAQS      ","Mnd1Diat-m"
"WAQS      ","Mnd2Flag-m"
"WAQS      ","Mnd3Diat-f"
"WAQS      ","Mnd4Flag-f"
"WAQS      ","OMP       "
"WAQS      ","SO4       "
"WAQS      ","SUD       "
"WAQS      ","SUP       "
"WAQS      ","VIVP      "
"WAQS      ","APATP     "
"WAQS      ","CH4       "
"WAQS      ","CO2       "
"WAQS      ","Alka      "
"WAQS      ","FeIIIpa   "
"WAQS      ","FeIIIpc   "
"WAQS      ","FeIIId    "
"WAQS      ","FeIId     "
"WAQS      ","FeS       "
"WAQS      ","FeS2      "
"WAQS      ","FeCO3     "
"WAQS      ","AlgN      "
"WAQS      ","AlgP      "
"WAQS      ","AlgSi     "
"WAQS      ","IM1S1     "
"WAQS      ","IM2S1     "
"WAQS      ","IM3S1     "
"WAQS      ","OOCS1     "
"WAQS      ","IM1S2     "
"WAQS      ","IM2S2     "
"WAQS      ","IM3S2     "
"WAQS      ","OOCS2     "
"WAQS      ","DetCS1    "
"WAQS      ","DiatS1    "
"WAQS      ","GreenS1   "
"WAQS      ","AAPS1     "
"WAQS      ","DetNS1    "
"WAQS      ","DetPS1    "
"WAQS      ","DetSiS1   "
"WAQS      ","OONS1     "
"WAQS      ","OOPS1     "
"WAQS      ","OOSiS1    "
"WAQS      ","MPB1peliS1"
"WAQS      ","MPB2psamS1"
"WAQS      ","DetCS2    "
"WAQS      ","DiatS2    "
"WAQS      ","GreenS2   "
"WAQS      ","AAPS2     "
"WAQS      ","DetNS2    "
"WAQS      ","DetPS2    "
"WAQS      ","DetSiS2   "
"WAQS      ","OONS2     "
"WAQS      ","OOPS2     "
"WAQS      ","OOSiS2    "
"WAQS      ","MPB1peliS2"
"WAQS      ","MPB2psamS2"
"WAQS      ","POC5      "
"WAQS      ","PON5      "
"WAQS      ","POP5      "
"WAQS      ","POS5      "
"WAQS      ","SOD       "
"WAQS      ","Bulkvolume"
"WAQS      ","Cd-Dis    "
"WAQS      ","Cd-Par    "
"WAQS      ","Cr-Dis    "
"WAQS      ","Cr-Par    "
"WAQS      ","Cu-Dis    "
"WAQS      ","Cu-Par    "
"WAQS      ","Hg-Dis    "
"WAQS      ","Hg-Par    "
"WAQS      ","Ni-Dis    "
"WAQS      ","Ni-Par    "
"WAQS      ","Pb-Dis    "
"WAQS      ","Pb-Par    "
"WAQS      ","As-Dis    "
"WAQS      ","As-Par    "
"WAQS      ","Va-Dis    "
"WAQS      ","Va-Par    "
"WAQS      ","Zn-Dis    "
"WAQS      ","Zn-Par    "
"WAQS      ","CdS1      "
"WAQS      ","CdS1-Dis  "
"WAQS      ","CdS1-Par  "
"WAQS      ","CrS1      "
"WAQS      ","CrS1-Dis  "
"WAQS      ","CrS1-Par  "
"WAQS      ","CuS1      "
"WAQS      ","CuS1-Dis  "
"WAQS      ","CuS1-Par  "
"WAQS      ","HgS1      "
"WAQS      ","HgS1-Dis  "
"WAQS      ","HgS1-Par  "
"WAQS      ","NiS1      "
"WAQS      ","NiS1-Dis  "
"WAQS      ","NiS1-Par  "
"WAQS      ","PbS1      "
"WAQS      ","PbS1-Dis  "
"WAQS      ","PbS1-Par  "
"WAQS      ","AsS1      "
"WAQS      ","AsS1-Dis  "
"WAQS      ","AsS1-Par  "
"WAQS      ","VaS1      "
"WAQS      ","VaS1-Dis  "
"WAQS      ","VaS1-Par  "
"WAQS      ","ZnS1      "
"WAQS      ","ZnS1-Dis  "
"WAQS      ","ZnS1-Par  "
"WAQS      ","CdS2      "
"WAQS      ","CdS2-Dis  "
"WAQS      ","CdS2-Par  "
"WAQS      ","CrS2      "
"WAQS      ","CrS2-Dis  "
"WAQS      ","CrS2-Par  "
"WAQS      ","CuS2      "
"WAQS      ","CuS2-Dis  "
"WAQS      ","CuS2-Par  "
"WAQS      ","HgS2      "
"WAQS      ","HgS2-Dis  "
"WAQS      ","HgS2-Par  "
"WAQS      ","NiS2      "
"WAQS      ","NiS2-Dis  "
"WAQS      ","NiS2-Par  "
"WAQS      ","PbS2      "
"WAQS      ","PbS2-Dis  "
"WAQS      ","PbS2-Par  "
"WAQS      ","AsS2      "
"WAQS      ","AsS2-Dis  "
"WAQS      ","AsS2-Par  "
"WAQS      ","VaS2      "
"WAQS      ","VaS2-Dis  "
"WAQS      ","VaS2-Par  "
"WAQS      ","ZnS2      "
"WAQS      ","ZnS2-Dis  "
"WAQS      ","ZnS2-Par  "
"WAQS      ","153S1     "
"WAQS      ","153S1-Dis "
"WAQS      ","153S1-Par "
"WAQS      ","AtrS1     "
"WAQS      ","AtrS1-Dis "
"WAQS      ","AtrS1-Par "
"WAQS      ","BaPS1     "
"WAQS      ","BaPS1-Dis "
"WAQS      ","BaPS1-Par "
"WAQS      ","DiuS1     "
"WAQS      ","DiuS1-Dis "
"WAQS      ","DiuS1-Par "
"WAQS      ","FluS1     "
"WAQS      ","FluS1-Dis "
"WAQS      ","FluS1-Par "
"WAQS      ","HCBS1     "
"WAQS      ","HCBS1-Dis "
"WAQS      ","HCBS1-Par "
"WAQS      ","HCHS1     "
"WAQS      ","HCHS1-Dis "
"WAQS      ","HCHS1-Par "
"WAQS      ","MefS1     "
"WAQS      ","MefS1-Dis "
"WAQS      ","MefS1-Par "
"WAQS      ","153S2     "
"WAQS      ","153S2-Dis "
"WAQS      ","153S2-Par "
"WAQS      ","AtrS2     "
"WAQS      ","AtrS2-Dis "
"WAQS      ","AtrS2-Par "
"WAQS      ","BaPS2     "
"WAQS      ","BaPS2-Dis "
"WAQS      ","BaPS2-Par "
"WAQS      ","DiuS2     "
"WAQS      ","DiuS2-Dis "
"WAQS      ","DiuS2-Par "
"WAQS      ","FluS2     "
"WAQS      ","FluS2-Dis "
"WAQS      ","FluS2-Par "
"WAQS      ","HCBS2     "
"WAQS      ","HCBS2-Dis "
"WAQS      ","HCBS2-Par "
"WAQS      ","HCHS2     "
"WAQS      ","HCHS2-Dis "
"WAQS      ","HCHS2-Par "
"WAQS      ","MefS2     "
"WAQS      ","MefS2-Dis "
"WAQS      ","MefS2-Par "
"WAQS      ","153-dis   "
"WAQS      ","153-par   "
"WAQS      ","Atr-dis   "
"WAQS      ","Atr-par   "
"WAQS      ","BaP-dis   "
"WAQS      ","BaP-par   "
"WAQS      ","Diu-dis   "
"WAQS      ","Diu-par   "
"WAQS      ","Flu-dis   "
"WAQS      ","Flu-par   "
"WAQS      ","HCB-dis   "
"WAQS      ","HCB-par   "
"WAQS      ","HCH-dis   "
"WAQS      ","HCH-par   "
"WAQS      ","Mef-dis   "
"WAQS      ","Mef-par   "
"WAQS      ","POSi1     "
"WAQS      ","NH3       "
"WAQS      ","OMPS1     "
"WAQS      ","OMPS1-Dis "
"WAQS      ","OMPS1-Par "
"WAQS      ","OMPS2     "
"WAQS      ","OMPS2-Dis "
"WAQS      ","OMPS2-Par "
"WAQS      ","OMP-dis   "
"WAQS      ","OMP-par   "
"WAQS      ","VB01      "
"WAQS      ","VB02      "
"WAQS      ","VB03      "
"WAQS      ","VB04      "
"WAQS      ","VB05      "
"WAQS      ","VB06      "
"WAQS      ","VB07      "
"WAQS      ","VB08      "
"WAQS      ","VB09      "
