stocfl,stocsu,stocsc
"dDumEmersi","Continuity",   0.00000
"dTempHtfl ","NatTemp   ",   1.00000
"dModTemp  ","ModTemp   ",   1.00000
"dDumVarSal","FrCon     ",   0.00000
"dDumVarSal","FrFlow    ",   0.00000
"dDumVarSal","SalBnd    ",   0.00000
"dDumRestim","Continuity",   0.00000
"dDumHorDis","OXY       ",   0.00000
"dDumHorDiV","Continuity",   0.00000
"dDumHorDiV","OXY       ",   0.00000
"dDumHorDiV","Salinity  ",   0.00000
"dDumHorDiV","FrCon     ",   0.00000
"dDumHorDiV","FrFlow    ",   0.00000
"dDumHorDiV","SalBnd    ",   0.00000
"dDecTR1   ","dTR1      ",  -1.00000
"dDecTR2   ","dTR2      ",  -1.00000
"dDecTR3   ","dTR3      ",  -1.00000
"dDecTR4   ","dTR4      ",  -1.00000
"dDecTR5   ","dTR5      ",  -1.00000
"dDumphsimp","ALKA      ",   0.00000
"dDumphsimp","TIC       ",   0.00000
"dDumspcarb","TIC       ",   0.00000
"dCaut     ","OXY       ",  -2.67000
"dCaut     ","TIC       ",   1.00000
"dCaut     ","H2O       ",   1.50000
"dCaut     ","SUD       ",   0.01750
"dNaut     ","NH4       ",   1.00000
"dNaut     ","H+        ",  -0.07100
"dNaut     ","ALKA      ",   4.35700
"dPaut     ","PO4       ",   1.00000
"dPaut     ","H+        ",   0.03200
"dPaut     ","ALKA      ",  -1.96800
"dSIaut    ","SI        ",   1.00000
"dDetCMort ","POC1      ",   1.00000
"dDetCMort ","POS1      ",   0.01750
"dDetNMort ","PON1      ",   1.00000
"dDetPMort ","POP1      ",   1.00000
"dDetSiMort","Opal      ",   1.00000
"dOOCMort  ","POC2      ",   1.00000
"dOOCMort  ","POS2      ",   0.01750
"dOONMort  ","PON2      ",   1.00000
"dOOPMort  ","POP2      ",   1.00000
"dOOSiMort ","Opal      ",   1.00000
"dCUpt     ","TIC       ",  -1.00000
"dCUpt     ","H2O       ",  -1.50000
"dCUpt     ","SO4       ",  -0.01750
"dNH4Upt   ","NH4       ",  -1.00000
"dNH4Upt   ","H+        ",   0.07100
"dNH4Upt   ","ALKA      ",  -4.35700
"dNO3Upt   ","NO3       ",  -1.00000
"dNO3Upt   ","OXY       ",   4.57100
"dNO3Upt   ","H+        ",  -0.07100
"dNO3Upt   ","ALKA      ",   4.35700
"dNO3Upt   ","H2O       ",  -1.28600
"dPO4Upt   ","PO4       ",  -1.00000
"dPO4Upt   ","H+        ",  -0.03200
"dPO4Upt   ","ALKA      ",   1.96800
"dSIUpt    ","SI        ",  -1.00000
"dDetNUpt  ","PON1      ",  -1.00000
"dDetPUpt  ","POP1      ",  -1.00000
"dDetCUpt  ","POC1      ",  -1.00000
"dPrProdOxy","OXY       ",   2.67000
"dProdAlg  ","APHANFIX  ",   1.00000
"dProdAlg  ","APHANIZO  ",   1.00000
"dProdAlg  ","BLUEGRN   ",   1.00000
"dProdAlg  ","DINOFLAG  ",   1.00000
"dProdAlg  ","DINOMIX   ",   1.00000
"dProdAlg  ","FDIATOMS  ",   1.00000
"dProdAlg  ","FFLAGELA  ",   1.00000
"dProdAlg  ","GREENS    ",   1.00000
"dProdAlg  ","MDIATOMS  ",   1.00000
"dProdAlg  ","MFLAGELA  ",   1.00000
"dProdAlg  ","MICROCYS  ",   1.00000
"dProdAlg  ","OSCILAT   ",   1.00000
"dProdAlg  ","PHAEOCYS  ",   1.00000
"dProdAlg  ","UlvaF     ",   1.00000
"dProdAlg  ","UlvaS     ",   1.00000
"dProdAlg  ","NODULA    ",   1.00000
"dProdAlg  ","ANABAENA  ",   1.00000
"dProdAlg01","BLOOMALG01",   1.00000
"dProdAlg02","BLOOMALG02",   1.00000
"dProdAlg03","BLOOMALG03",   1.00000
"dProdAlg04","BLOOMALG04",   1.00000
"dProdAlg05","BLOOMALG05",   1.00000
"dProdAlg06","BLOOMALG06",   1.00000
"dProdAlg07","BLOOMALG07",   1.00000
"dProdAlg08","BLOOMALG08",   1.00000
"dProdAlg09","BLOOMALG09",   1.00000
"dProdAlg10","BLOOMALG10",   1.00000
"dProdAlg11","BLOOMALG11",   1.00000
"dProdAlg12","BLOOMALG12",   1.00000
"dProdAlg13","BLOOMALG13",   1.00000
"dProdAlg14","BLOOMALG14",   1.00000
"dProdAlg15","BLOOMALG15",   1.00000
"dProdAlg16","BLOOMALG16",   1.00000
"dProdAlg17","BLOOMALG17",   1.00000
"dProdAlg18","BLOOMALG18",   1.00000
"dProdAlg19","BLOOMALG19",   1.00000
"dProdAlg20","BLOOMALG20",   1.00000
"dProdAlg21","BLOOMALG21",   1.00000
"dProdAlg22","BLOOMALG22",   1.00000
"dProdAlg23","BLOOMALG23",   1.00000
"dProdAlg24","BLOOMALG24",   1.00000
"dProdAlg25","BLOOMALG25",   1.00000
"dProdAlg26","BLOOMALG26",   1.00000
"dProdAlg27","BLOOMALG27",   1.00000
"dProdAlg28","BLOOMALG28",   1.00000
"dProdAlg29","BLOOMALG29",   1.00000
"dProdAlg30","BLOOMALG30",   1.00000
"dMortAlg01","BLOOMALG01",  -1.00000
"dMortAlg02","BLOOMALG02",  -1.00000
"dMortAlg03","BLOOMALG03",  -1.00000
"dMortAlg04","BLOOMALG04",  -1.00000
"dMortAlg05","BLOOMALG05",  -1.00000
"dMortAlg06","BLOOMALG06",  -1.00000
"dMortAlg07","BLOOMALG07",  -1.00000
"dMortAlg08","BLOOMALG08",  -1.00000
"dMortAlg09","BLOOMALG09",  -1.00000
"dMortAlg10","BLOOMALG10",  -1.00000
"dMortAlg11","BLOOMALG11",  -1.00000
"dMortAlg12","BLOOMALG12",  -1.00000
"dMortAlg13","BLOOMALG13",  -1.00000
"dMortAlg14","BLOOMALG14",  -1.00000
"dMortAlg15","BLOOMALG15",  -1.00000
"dMortAlg16","BLOOMALG16",  -1.00000
"dMortAlg17","BLOOMALG17",  -1.00000
"dMortAlg18","BLOOMALG18",  -1.00000
"dMortAlg19","BLOOMALG19",  -1.00000
"dMortAlg20","BLOOMALG20",  -1.00000
"dMortAlg21","BLOOMALG21",  -1.00000
"dMortAlg22","BLOOMALG22",  -1.00000
"dMortAlg23","BLOOMALG23",  -1.00000
"dMortAlg24","BLOOMALG24",  -1.00000
"dMortAlg25","BLOOMALG25",  -1.00000
"dMortAlg26","BLOOMALG26",  -1.00000
"dMortAlg27","BLOOMALG27",  -1.00000
"dMortAlg28","BLOOMALG28",  -1.00000
"dMortAlg29","BLOOMALG29",  -1.00000
"dMortAlg30","BLOOMALG30",  -1.00000
"dDumphyblo","APHANFIX  ",   1.00000
"dDumphyblo","APHANIZO  ",   1.00000
"dDumphyblo","BLUEGRN   ",   1.00000
"dDumphyblo","DINOFLAG  ",   1.00000
"dDumphyblo","DINOMIX   ",   1.00000
"dDumphyblo","FDIATOMS  ",   1.00000
"dDumphyblo","FFLAGELA  ",   1.00000
"dDumphyblo","GREENS    ",   1.00000
"dDumphyblo","MDIATOMS  ",   1.00000
"dDumphyblo","MFLAGELA  ",   1.00000
"dDumphyblo","MICROCYS  ",   1.00000
"dDumphyblo","OSCILAT   ",   1.00000
"dDumphyblo","PHAEOCYS  ",   1.00000
"dDumphyblo","UlvaF     ",   1.00000
"dDumphyblo","UlvaS     ",   1.00000
"dDumphyblo","NODULA    ",   1.00000
"dDumphyblo","ANABAENA  ",   1.00000
"dDumCompos","IM1       ",   0.00000
"dDumCompos","POC1      ",   0.00000
"dDumCompos","PO4       ",   0.00000
"dDumCompos","NH4       ",   0.00000
"dDumCompos","NO3       ",   0.00000
"dDumCompos","Si        ",   0.00000
"dDumCompos","SO4       ",   0.00000
"dMrtEColi ","EColi     ",  -1.00000
"dMrtFColi ","FColi     ",  -1.00000
"dMrtTColi ","TColi     ",  -1.00000
"dMrtEnCoc ","EnCoc     ",  -1.00000
"dREARCO2  ","TIC       ",   0.27300
"dAdsPO4AAP","PO4       ",  -1.00000
"dAdsPO4AAP","AAP       ",   1.00000
"dDenitSed ","NO3       ",  -1.00000
"dDenitWat ","NO3       ",  -1.00000
"dDenitWat ","H+        ",  -0.07100
"dDenitWat ","H2O       ",   0.64300
"dDenitWat ","OXY       ",   2.85700
"dDenitWat ","ALKA      ",   4.35700
"dNITRIF   ","NH4       ",  -1.00000
"dNITRIF   ","NO3       ",   1.00000
"dNITRIF   ","OXY       ",  -4.57100
"dNITRIF   ","H+        ",   0.14300
"dNITRIF   ","H2O       ",   1.28600
"dNITRIF   ","ALKA      ",  -8.71400
"dREAROXY  ","OXY       ",   1.00000
"dCUptVar  ","OXY       ",   2.67000
"dMinDetCS1","DetCS1    ",  -1.00000
"dMinDetCS1","OXY       ",  -2.67000
"dMinDetCS1","TIC       ",   1.00000
"dMinDetCS1","H2O       ",   1.50000
"dSWMinDCS1","DetCS1    ",  -1.00000
"dSWMinDCS1","TIC       ",   1.00000
"dSWMinDCS1","H2O       ",   1.50000
"dMinDetCS2","DetCS2    ",  -1.00000
"dMinDetCS2","OXY       ",  -2.67000
"dMinDetCS2","TIC       ",   1.00000
"dMinDetCS2","H2O       ",   1.50000
"dSWMinDCS2","DetCS2    ",  -1.00000
"dSWMinDCS2","TIC       ",   1.00000
"dSWMinDCS2","H2O       ",   1.50000
"dMinDetNS1","DetNS1    ",  -1.00000
"dMinDetNS1","NH4       ",   1.00000
"dMinDetNS1","H+        ",  -0.07100
"dMinDetNS1","ALKA      ",   4.35700
"dSWMinDNS1","DetNS1    ",  -1.00000
"dSWMinDNS1","H+        ",  -0.07100
"dSWMinDNS1","ALKA      ",   4.35700
"dMinDetNS2","DetNS2    ",  -1.00000
"dMinDetNS2","NH4       ",   1.00000
"dMinDetNS2","H+        ",  -0.07100
"dMinDetNS2","ALKA      ",   4.35700
"dSWMinDNS2","DetNS2    ",  -1.00000
"dSWMinDNS2","H+        ",  -0.07100
"dSWMinDNS2","ALKA      ",   4.35700
"dMinDetPS1","DetPS1    ",  -1.00000
"dMinDetPS1","PO4       ",   1.00000
"dMinDetPS1","H+        ",   0.03200
"dMinDetPS1","ALKA      ",  -1.96800
"dSWMinDPS1","DetPS1    ",  -1.00000
"dSWMinDPS1","H+        ",   0.03200
"dSWMinDPS1","ALKA      ",  -1.96800
"dMinDetPS2","DetPS2    ",  -1.00000
"dMinDetPS2","PO4       ",   1.00000
"dMinDetPS2","H+        ",   0.03200
"dMinDetPS2","ALKA      ",  -1.96800
"dSWMinDPS2","DetPS2    ",  -1.00000
"dSWMinDPS2","H+        ",   0.03200
"dSWMinDPS2","ALKA      ",  -1.96800
"dMinDetSiS","DetSiS1   ",  -1.00000
"dMinDetSiS","Si        ",   1.00000
"dSWMinDSS1","DetSiS1   ",  -1.00000
"dMinDetSS2","DetSiS2   ",  -1.00000
"dMinDetSS2","Si        ",   1.00000
"dSWMinDSS2","DetSiS2   ",  -1.00000
"dMinOOCS1 ","OOCS1     ",  -1.00000
"dMinOOCS1 ","OXY       ",  -2.67000
"dMinOOCS1 ","TIC       ",   1.00000
"dMinOOCS1 ","H2O       ",   1.50000
"dSWMnOOCS1","OOCS1     ",  -1.00000
"dSWMnOOCS1","TIC       ",   1.00000
"dSWMnOOCS1","H2O       ",   1.50000
"dMinOOCS2 ","OOCS2     ",  -1.00000
"dMinOOCS2 ","OXY       ",  -2.67000
"dMinOOCS2 ","TIC       ",   1.00000
"dMinOOCS2 ","H2O       ",   1.50000
"dSWMnOOCS2","OOCS2     ",  -1.00000
"dSWMnOOCS2","TIC       ",   1.00000
"dSWMnOOCS2","H2O       ",   1.50000
"dMinOONS1 ","OONS1     ",  -1.00000
"dMinOONS1 ","NH4       ",   1.00000
"dMinOONS1 ","H+        ",  -0.07100
"dMinOONS1 ","ALKA      ",   4.35700
"dSWMnOONS1","OONS1     ",  -1.00000
"dSWMnOONS1","H+        ",  -0.07100
"dSWMnOONS1","ALKA      ",   4.35700
"dMinOONS2 ","OONS2     ",  -1.00000
"dMinOONS2 ","NH4       ",   1.00000
"dMinOONS2 ","H+        ",  -0.07100
"dMinOONS2 ","ALKA      ",   4.35700
"dSWMnOONS2","OONS2     ",  -1.00000
"dSWMnOONS2","H+        ",  -0.07100
"dSWMnOONS2","ALKA      ",   4.35700
"dMinOOPS1 ","OOPS1     ",  -1.00000
"dMinOOPS1 ","PO4       ",   1.00000
"dMinOOPS1 ","H+        ",   0.03200
"dMinOOPS1 ","ALKA      ",  -1.96800
"dSWMnOOPS1","OOPS1     ",  -1.00000
"dSWMnOOPS1","H+        ",   0.03200
"dSWMnOOPS1","ALKA      ",  -1.96800
"dMinOOPS2 ","OOPS2     ",  -1.00000
"dMinOOPS2 ","PO4       ",   1.00000
"dMinOOPS2 ","H+        ",   0.03200
"dMinOOPS2 ","ALKA      ",  -1.96800
"dSWMnOOPS2","OOPS2     ",  -1.00000
"dSWMnOOPS2","H+        ",   0.03200
"dSWMnOOPS2","ALKA      ",  -1.96800
"dMinOOSiS1","OOSiS1    ",  -1.00000
"dMinOOSiS1","Si        ",   1.00000
"dSWMnOOSS1","OOSiS1    ",  -1.00000
"dMinOOSiS2","OOSiS2    ",  -1.00000
"dMinOOSiS2","Si        ",   1.00000
"dSWMnOOSS2","OOSiS2    ",  -1.00000
"dDesoAAPS1","AAPS1     ",  -1.00000
"dDesoAAPS1","PO4       ",   1.00000
"dSWDeAAPS1","AAPS1     ",  -1.00000
"dSWDeAAPS1","PO4       ",   1.00000
"dDesoAAPS2","AAPS2     ",  -1.00000
"dDesoAAPS2","PO4       ",   1.00000
"dSWDeAAPS2","AAPS2     ",  -1.00000
"dSWDeAAPS2","PO4       ",   1.00000
"dCBOD5    ","CBOD5     ",  -1.00000
"dCBOD5_2  ","CBOD5_2   ",  -1.00000
"dCBODu    ","CBODu     ",  -1.00000
"dCBODu_2  ","CBODu_2   ",  -1.00000
"dNBOD5    ","NBOD5     ",  -1.00000
"dNBODu    ","NBODu     ",  -1.00000
"dCOD_Cr   ","COD_Cr    ",  -1.00000
"dCOD_Mn   ","COD_Mn    ",  -1.00000
"dOxyBODCOD","OXY       ",  -1.00000
"dCBOD5T   ","CBOD5     ",  -1.00000
"dCBOD5_2T ","CBOD5_2   ",  -1.00000
"dCBOD5_3T ","CBOD5_3   ",  -1.00000
"dCBODOXYT ","OXY       ",  -1.00000
"dCnvPPOC1 ","POC1      ",  -1.00000
"dCnvPPOC1 ","POC2      ",   1.00000
"dCnvPPON1 ","PON1      ",  -1.00000
"dCnvPPON1 ","PON2      ",   1.00000
"dCnvPPOP1 ","POP1      ",  -1.00000
"dCnvPPOP1 ","POP2      ",   1.00000
"dCnvPPOS1 ","POS1      ",  -1.00000
"dCnvPPOS1 ","POS2      ",   1.00000
"dCnvDPOC1 ","POC1      ",  -1.00000
"dCnvDPOC1 ","DOC       ",   1.00000
"dCnvDPON1 ","PON1      ",  -1.00000
"dCnvDPON1 ","DON       ",   1.00000
"dCnvDPOP1 ","POP1      ",  -1.00000
"dCnvDPOP1 ","DOP       ",   1.00000
"dCnvDPOS1 ","POS1      ",  -1.00000
"dCnvDPOS1 ","DOS       ",   1.00000
"dMinPOC1G ","POC1      ",  -1.00000
"dMinPON1  ","PON1      ",  -1.00000
"dMinPON1  ","NH4       ",   1.00000
"dMinPOP1  ","POP1      ",  -1.00000
"dMinPOP1  ","PO4       ",   1.00000
"dMinPOS1  ","POS1      ",  -1.00000
"dMinPOS1  ","SUD       ",   1.00000
"dCnvPPOC2 ","POC2      ",  -1.00000
"dCnvPPOC2 ","POC3      ",   1.00000
"dCnvPPON2 ","PON2      ",  -1.00000
"dCnvPPON2 ","PON3      ",   1.00000
"dCnvPPOP2 ","POP2      ",  -1.00000
"dCnvPPOP2 ","POP3      ",   1.00000
"dCnvPPOS2 ","POS2      ",  -1.00000
"dCnvPPOS2 ","POS3      ",   1.00000
"dCnvDPOC2 ","POC2      ",  -1.00000
"dCnvDPOC2 ","DOC       ",   1.00000
"dCnvDPON2 ","PON2      ",  -1.00000
"dCnvDPON2 ","DON       ",   1.00000
"dCnvDPOP2 ","POP2      ",  -1.00000
"dCnvDPOP2 ","DOP       ",   1.00000
"dCnvDPOS2 ","POS2      ",  -1.00000
"dCnvDPOS2 ","DOS       ",   1.00000
"dMinPOC2G ","POC2      ",  -1.00000
"dMinPON2  ","PON2      ",  -1.00000
"dMinPON2  ","NH4       ",   1.00000
"dMinPOP2  ","POP2      ",  -1.00000
"dMinPOP2  ","PO4       ",   1.00000
"dMinPOS2  ","POS2      ",  -1.00000
"dMinPOS2  ","SUD       ",   1.00000
"dCnvPPOC3 ","POC3      ",  -1.00000
"dCnvPPOC3 ","POC4      ",   1.00000
"dCnvPPON3 ","PON3      ",  -1.00000
"dCnvPPON3 ","PON4      ",   1.00000
"dCnvPPOP3 ","POP3      ",  -1.00000
"dCnvPPOP3 ","POP4      ",   1.00000
"dCnvPPOS3 ","POS3      ",  -1.00000
"dCnvPPOS3 ","POS4      ",   1.00000
"dCnvDPOC3 ","POC3      ",  -1.00000
"dCnvDPOC3 ","DOC       ",   1.00000
"dCnvDPON3 ","PON3      ",  -1.00000
"dCnvDPON3 ","DON       ",   1.00000
"dCnvDPOP3 ","POP3      ",  -1.00000
"dCnvDPOP3 ","DOP       ",   1.00000
"dCnvDPOS3 ","POS3      ",  -1.00000
"dCnvDPOS3 ","DOS       ",   1.00000
"dMinPOC3G ","POC3      ",  -1.00000
"dMinPON3  ","PON3      ",  -1.00000
"dMinPON3  ","NH4       ",   1.00000
"dMinPOP3  ","POP3      ",  -1.00000
"dMinPOP3  ","PO4       ",   1.00000
"dMinPOS3  ","POS3      ",  -1.00000
"dMinPOS3  ","SUD       ",   1.00000
"dMinPOC4G ","POC4      ",  -1.00000
"dMinPON4  ","PON4      ",  -1.00000
"dMinPON4  ","NH4       ",   1.00000
"dMinPOP4  ","POP4      ",  -1.00000
"dMinPOP4  ","PO4       ",   1.00000
"dMinPOS4  ","POS4      ",  -1.00000
"dMinPOS4  ","SUD       ",   1.00000
"dMinDOCG  ","DOC       ",  -1.00000
"dMinDON   ","DON       ",  -1.00000
"dMinDON   ","NH4       ",   1.00000
"dMinDOP   ","DOP       ",  -1.00000
"dMinDOP   ","PO4       ",   1.00000
"dMinDOS   ","DOS       ",  -1.00000
"dMinDOS   ","SUD       ",   1.00000
"dCnvPPOC5 ","POC5      ",  -1.00000
"dCnvPPOC5 ","POC4      ",   1.00000
"dCnvPPON5 ","PON5      ",  -1.00000
"dCnvPPON5 ","PON4      ",   1.00000
"dCnvPPOP5 ","POP5      ",  -1.00000
"dCnvPPOP5 ","POP4      ",   1.00000
"dCnvPPOS5 ","POS5      ",  -1.00000
"dCnvPPOS5 ","POS4      ",   1.00000
"dCnvDPOC5 ","POC5      ",  -1.00000
"dCnvDPOC5 ","DOC       ",   1.00000
"dCnvDPON5 ","PON5      ",  -1.00000
"dCnvDPON5 ","DON       ",   1.00000
"dCnvDPOP5 ","POP5      ",  -1.00000
"dCnvDPOP5 ","DOP       ",   1.00000
"dCnvDPOS5 ","POS5      ",  -1.00000
"dCnvDPOS5 ","DOS       ",   1.00000
"dMinPOC5G ","POC5      ",  -1.00000
"dMinPON5  ","PON5      ",  -1.00000
"dMinPON5  ","NH4       ",   1.00000
"dMinPOP5  ","POP5      ",  -1.00000
"dMinPOP5  ","PO4       ",   1.00000
"dMinPOS5  ","POS5      ",  -1.00000
"dMinPOS5  ","SUD       ",   1.00000
"dMinPOC5E ","POC5      ",  -1.00000
"dMinPOC5E ","OXY       ",  -2.67000
"dMinPOC5E ","TIC       ",   1.00000
"dMinPOC5E ","H2O       ",   1.50000
"dMinPOC5A ","OXY       ",   2.67000
"dMinPOC5A ","TIC       ",  -1.00000
"dPrecipPO4","PO4       ",  -1.00000
"dPrecipPO4","VIVP      ",   1.00000
"dDissolPO4","PO4       ",   1.00000
"dDissolPO4","VIVP      ",  -1.00000
"dDissolSi ","Si        ",   1.00000
"dDissolSi ","Opal      ",  -1.00000
"dSOD      ","SOD       ",  -1.00000
"dOxSOD    ","OXY       ",  -1.00000
"dPPGreen  ","OXY       ",   2.67000
"dPPGreen  ","TIC       ",  -1.00000
"dPPGreen  ","H2O       ",  -1.50000
"dPPGreen  ","Green     ",   1.00000
"dMrtGreen ","Green     ",  -1.00000
"dPPDiat   ","OXY       ",   2.67000
"dPPDiat   ","TIC       ",  -1.00000
"dPPDiat   ","H2O       ",  -1.50000
"dPPDiat   ","Diat      ",   1.00000
"dMrtDiat  ","Diat      ",  -1.00000
"dPPDiatS1 ","OXY       ",   2.67000
"dPPDiatS1 ","TIC       ",  -1.00000
"dPPDiatS1 ","H2O       ",  -1.50000
"dPPDiatS1 ","DiatS1    ",   1.00000
"dMrtDiatS1","DiatS1    ",  -1.00000
"dNH4UptS1 ","NH4       ",  -1.00000
"dNH4UptS1 ","H+        ",   0.07100
"dNH4UptS1 ","ALKA      ",  -4.35700
"dNO3UptS1 ","NO3       ",  -1.00000
"dNO3UptS1 ","OXY       ",   4.57100
"dNO3UptS1 ","H+        ",  -0.07100
"dNO3UptS1 ","ALKA      ",   4.35700
"dNO3UptS1 ","H2O       ",  -1.28600
"dPO4UptS1 ","PO4       ",  -1.00000
"dPO4UptS1 ","H+        ",  -0.03200
"dPO4UptS1 ","ALKA      ",   1.96800
"dSiUptS1  ","Si        ",  -1.00000
"dNH4US1D  ","NH4       ",  -1.00000
"dNH4US1D  ","H+        ",   0.07100
"dNH4US1D  ","ALKA      ",  -4.35700
"dPO4US1D  ","PO4       ",  -1.00000
"dPO4US1D  ","H+        ",  -0.03200
"dPO4US1D  ","ALKA      ",   1.96800
"dSiUS1D   ","Si        ",  -1.00000
"dcPPGreen ","OXY       ",   2.67000
"dcPPGreen ","TIC       ",  -1.00000
"dcPPGreen ","H2O       ",  -1.50000
"dcPPGreen ","Green     ",   1.00000
"dcPPDiat  ","OXY       ",   2.67000
"dcPPDiat  ","TIC       ",  -1.00000
"dcPPDiat  ","H2O       ",  -1.50000
"dcPPDiat  ","Diat      ",   1.00000
"dMortDetC ","POC1      ",   1.00000
"dMortOOC  ","POC2      ",   1.00000
"dNH4Aut   ","NH4       ",   1.00000
"dNH4Aut   ","H+        ",  -0.07100
"dNH4Aut   ","ALKA      ",   4.35700
"dMortDetN ","PON1      ",   1.00000
"dMortOON  ","PON2      ",   1.00000
"dPO4Aut   ","PO4       ",   1.00000
"dPO4Aut   ","H+        ",   0.03200
"dPO4Aut   ","ALKA      ",  -1.96800
"dMortDetP ","POP1      ",   1.00000
"dMortOOP  ","POP2      ",   1.00000
"dMortDetSi","Opal      ",   1.00000
"dMortOOSi ","Opal      ",   1.00000
"dMrtDetCS1","DetCS1    ",   1.00000
"dMrtOOCS1 ","OOCS1     ",   1.00000
"dNH4AUTS1 ","NH4       ",   1.00000
"dNH4AUTS1 ","H+        ",  -0.07100
"dNH4AUTS1 ","ALKA      ",   4.35700
"dMrtDetNS1","DetNS1    ",   1.00000
"dMrtOONS1 ","OONS1     ",   1.00000
"dPO4AUTS1 ","PO4       ",   1.00000
"dPO4AUTS1 ","H+        ",   0.03200
"dPO4AUTS1 ","ALKA      ",  -1.96800
"dMrtDetPS1","DetPS1    ",   1.00000
"dMrtOOPS1 ","OOPS1     ",   1.00000
"dSiAUTS1  ","Si        ",   1.00000
"dMrtDetSS1","DetSiS1   ",   1.00000
"dMrtOOSS1 ","OOSiS1    ",   1.00000
"dDumOXYMin","OXY       ",   0.00000
"dDumOXYMin","GREEN     ",   0.00000
"dDumOXYMin","DIAT      ",   0.00000
"dOxCon    ","OXY       ",  -2.66700
"dOxCon    ","TIC       ",   1.00000
"dOxCon    ","H2O       ",   1.50000
"dNiDen    ","NO3       ",  -0.93300
"dNiDen    ","TIC       ",   1.00000
"dNiDen    ","H2O       ",   2.10000
"dNiDen    ","H+        ",  -0.06700
"dNiDen    ","Alka      ",   4.06667
"dFeRed    ","FeIIIpa   ", -18.60000
"dFeRed    ","FeIId     ",  18.60000
"dFeRed    ","TIC       ",   1.00000
"dFeRed    ","Alka      ",  40.66670
"dSuRed    ","SO4       ",  -1.33300
"dSuRed    ","SUD       ",   1.33300
"dSuRed    ","TIC       ",   1.00000
"dSuRed    ","H2O       ",   1.50000
"dMetGenCH4","CH4       ",   1.00000
"dMetGenCO2","TIC       ",   1.00000
"dMetEbul  ","CH4       ",  -1.00000
"dVolCH4   ","CH4       ",   1.00000
"dSUDox    ","SUD       ",  -1.00000
"dSUDox    ","OXY       ",  -2.00000
"dSUDox    ","SO4       ",   1.00000
"dSUDprec  ","SUD       ",  -1.00000
"dSUDprec  ","SUP       ",   1.00000
"dSUDdis   ","SUD       ",   1.00000
"dSUDdis   ","SUP       ",  -1.00000
"dMethoxDO ","CH4       ",  -1.00000
"dMethoxDO ","OXY       ",  -5.33000
"dMethoxDO ","TIC       ",   1.00000
"dMethoxDO ","H2O       ",   3.00000
"dMethoxSu ","CH4       ",  -1.00000
"dMethoxSu ","SO4       ",  -2.67000
"dMethoxSu ","TIC       ",   1.00000
"dMethoxSu ","SUD       ",   2.67000
"dMethoxSu ","H2O       ",   3.00000
"dMethoxSu ","H+        ",   0.33300
"dioo      ","FeIId     ",  -1.00000
"dioo      ","OXY       ",  -0.14300
"dioo      ","FeIIId    ",   1.00000
"dion      ","FeIId     ",  -1.00000
"dion      ","NO3       ",  -0.05000
"dion      ","FeIIId    ",   1.00000
"dFeSox    ","FeS       ",  -1.00000
"dFeSox    ","OXY       ",  -1.14300
"dFeSox    ","FeIId     ",   1.00000
"dFeSox    ","SO4       ",   0.57100
"dFeS2ox   ","FeS2      ",  -1.00000
"dFeS2ox   ","OXY       ",  -2.00000
"dFeS2ox   ","FeIId     ",   1.00000
"dFeS2ox   ","SO4       ",   1.14300
"dFeS2ox   ","Alka      ",  -2.39200
"dire1     ","FeIIIpa   ",  -1.00000
"dire1     ","SUD       ",  -0.07140
"dire1     ","FeIId     ",   1.00000
"dire1     ","SO4       ",   0.07140
"dire1     ","Alka      ",   2.09300
"dire2     ","FeIIIpc   ",  -1.00000
"dire2     ","SUD       ",  -0.07140
"dire2     ","FeIId     ",   1.00000
"dire2     ","SO4       ",   0.07140
"dire2     ","Alka      ",   2.09300
"dire3     ","FeIIIpa   ",  -1.00000
"dire3     ","Fes       ",  -0.12500
"dire3     ","FeIId     ",   1.12500
"dire3     ","SO4       ",   0.07140
"dire3     ","Alka      ",   2.12600
"dire4     ","FeIIIpc   ",  -1.00000
"dire4     ","Fes       ",  -0.12500
"dire4     ","FeIId     ",   1.12500
"dire4     ","SO4       ",   0.07140
"dire4     ","Alka      ",   2.12600
"dpfe3     ","FeIIId    ",  -1.00000
"dpfe3     ","FeIIIpa   ",   1.00000
"dpfe3     ","Alka      ",  -3.58800
"ddfe3     ","FeIIId    ",   1.00000
"ddfe3     ","FeIIIpa   ",  -1.00000
"ddfe3     ","Alka      ",   3.58800
"dafe3     ","FeIIIpa   ",  -1.00000
"dafe3     ","FeIIIpc   ",   1.00000
"dpfes     ","FeIId     ",  -1.00000
"dpfes     ","FeS       ",   1.00000
"dpfes     ","SUD       ",  -0.57100
"ddfes     ","FeIId     ",   1.00000
"ddfes     ","FeS       ",  -1.00000
"ddfes     ","SUD       ",   0.57100
"dpfeco3   ","FeIId     ",  -1.00000
"dpfeco3   ","FeCO3     ",   1.00000
"dpfeco3   ","TIC       ",  -0.21486
"dpfeco3   ","Alka      ",  -2.39200
"ddfeco3   ","FeIId     ",   1.00000
"ddfeco3   ","FeCO3     ",  -1.00000
"ddfeco3   ","TIC       ",   0.21486
"ddfeco3   ","Alka      ",   2.39200
"dpyr      ","FeS       ",  -1.00000
"dpyr      ","FeS2      ",   1.00000
"dpyr      ","SUD       ",  -0.57400
"dSedIM1   ","IM1       ",  -1.00000
"dSedIM1   ","IM1S1     ",   1.00000
"dSedIM2   ","IM2       ",  -1.00000
"dSedIM2   ","IM2S1     ",   1.00000
"dSedIM3   ","IM3       ",  -1.00000
"dSedIM3   ","IM3S1     ",   1.00000
"dSedDiat  ","Diat      ",  -1.00000
"dSedGreen ","Green     ",  -1.00000
"dSedAlg   ","APHANFIX  ",  -1.00000
"dSedAlg   ","APHANIZO  ",  -1.00000
"dSedAlg   ","BLUEGRN   ",  -1.00000
"dSedAlg   ","DINOFLAG  ",  -1.00000
"dSedAlg   ","DINOMIX   ",  -1.00000
"dSedAlg   ","FDIATOMS  ",  -1.00000
"dSedAlg   ","FFLAGELA  ",  -1.00000
"dSedAlg   ","GREENS    ",  -1.00000
"dSedAlg   ","MDIATOMS  ",  -1.00000
"dSedAlg   ","MFLAGELA  ",  -1.00000
"dSedAlg   ","MICROCYS  ",  -1.00000
"dSedAlg   ","OSCILAT   ",  -1.00000
"dSedAlg   ","PHAEOCYS  ",  -1.00000
"dSedAlg   ","UlvaF     ",  -1.00000
"dSedAlg   ","UlvaS     ",  -1.00000
"dSedAlg   ","NODULA    ",  -1.00000
"dSedAlg   ","ANABAENA  ",  -1.00000
"dSedAlg01 ","BLOOMALG01",  -1.00000
"dSedAlg02 ","BLOOMALG02",  -1.00000
"dSedAlg03 ","BLOOMALG03",  -1.00000
"dSedAlg04 ","BLOOMALG04",  -1.00000
"dSedAlg05 ","BLOOMALG05",  -1.00000
"dSedAlg06 ","BLOOMALG06",  -1.00000
"dSedAlg07 ","BLOOMALG07",  -1.00000
"dSedAlg08 ","BLOOMALG08",  -1.00000
"dSedAlg09 ","BLOOMALG09",  -1.00000
"dSedAlg10 ","BLOOMALG10",  -1.00000
"dSedAlg11 ","BLOOMALG11",  -1.00000
"dSedAlg12 ","BLOOMALG12",  -1.00000
"dSedAlg13 ","BLOOMALG13",  -1.00000
"dSedAlg14 ","BLOOMALG14",  -1.00000
"dSedAlg15 ","BLOOMALG15",  -1.00000
"dSedAlg16 ","BLOOMALG16",  -1.00000
"dSedAlg17 ","BLOOMALG17",  -1.00000
"dSedAlg18 ","BLOOMALG18",  -1.00000
"dSedAlg19 ","BLOOMALG19",  -1.00000
"dSedAlg20 ","BLOOMALG20",  -1.00000
"dSedAlg21 ","BLOOMALG21",  -1.00000
"dSedAlg22 ","BLOOMALG22",  -1.00000
"dSedAlg23 ","BLOOMALG23",  -1.00000
"dSedAlg24 ","BLOOMALG24",  -1.00000
"dSedAlg25 ","BLOOMALG25",  -1.00000
"dSedAlg26 ","BLOOMALG26",  -1.00000
"dSedAlg27 ","BLOOMALG27",  -1.00000
"dSedAlg28 ","BLOOMALG28",  -1.00000
"dSedAlg29 ","BLOOMALG29",  -1.00000
"dSedAlg30 ","BLOOMALG30",  -1.00000
"dSedBOD5  ","CBOD5     ",  -1.00000
"dSedBOD5_2","CBOD5_2   ",  -1.00000
"dSedBOD5_3","CBOD5_3   ",  -1.00000
"dSedBODu  ","CBODu     ",  -1.00000
"dSedBODu_2","CBODu_2   ",  -1.00000
"dSedCODCr ","COD_Cr    ",  -1.00000
"dSedCODMn ","COD_Mn    ",  -1.00000
"dSedNBOD5 ","NBOD5     ",  -1.00000
"dSedNBODu ","NBODu     ",  -1.00000
"dSedSOD   ","SOD       ",   1.00000
"dSedPHYT  ","DetCS1    ",   1.00000
"dSedAlgN  ","DetNS1    ",   1.00000
"dSedAlgP  ","DetPS1    ",   1.00000
"dSedAlgSi ","DetSiS1   ",   1.00000
"dSedOpal  ","Opal      ",  -1.00000
"dSedOpal  ","DetSiS1   ",   1.00000
"dSedPOC1  ","POC1      ",  -1.00000
"dSedPOC1  ","DetCS1    ",   1.00000
"dSedPOC2  ","POC2      ",  -1.00000
"dSedPOC2  ","OOCS1     ",   1.00000
"dSedPOC3  ","POC3      ",  -1.00000
"dSedPOC3  ","OOCS1     ",   1.00000
"dSedPOC4  ","POC4      ",  -1.00000
"dSedPOC4  ","OOCS1     ",   1.00000
"dSedPON1  ","PON1      ",  -1.00000
"dSedPON1  ","DetNS1    ",   1.00000
"dSedPOP1  ","POP1      ",  -1.00000
"dSedPOP1  ","DetPS1    ",   1.00000
"dSedPOS1  ","POS1      ",  -1.00000
"dSedPON2  ","PON2      ",  -1.00000
"dSedPON2  ","OONS1     ",   1.00000
"dSedPOP2  ","POP2      ",  -1.00000
"dSedPOP2  ","OOPS1     ",   1.00000
"dSedPOS2  ","POS2      ",  -1.00000
"dSedPON3  ","PON3      ",  -1.00000
"dSedPON3  ","OONS1     ",   1.00000
"dSedPOP3  ","POP3      ",  -1.00000
"dSedPOP3  ","OOPS1     ",   1.00000
"dSedPOS3  ","POS3      ",  -1.00000
"dSedPON4  ","PON4      ",  -1.00000
"dSedPON4  ","OONS1     ",   1.00000
"dSedPOP4  ","POP4      ",  -1.00000
"dSedPOP4  ","OOPS1     ",   1.00000
"dSedPOS4  ","POS4      ",  -1.00000
"dSedAAP   ","AAP       ",  -1.00000
"dSedAAP   ","AAPS1     ",   1.00000
"dSWSedAAP ","AAP       ",  -1.00000
"dResS1DetC","POC1      ",   1.00000
"dResS1DetC","DetCS1    ",  -1.00000
"dResS2DetC","DetCS2    ",  -1.00000
"dResS2DetC","POC1      ",   1.00000
"dBurS1DetC","DetCS1    ",  -1.00000
"dBurS1DetC","DetCS2    ",   1.00000
"dSWBuS1DtC","DetCS1    ",  -1.00000
"dBurS2DetC","DetCS2    ",  -1.00000
"dDigS1DetC","DetCS1    ",   1.00000
"dDigS1DetC","DetCS2    ",  -1.00000
"dDigS2DetC","DetCS2    ",   1.00000
"dResS1DetN","PON1      ",   1.00000
"dResS1DetN","DetNS1    ",  -1.00000
"dResS2DetN","DetNS2    ",  -1.00000
"dResS2DetN","PON1      ",   1.00000
"dBurS1DetN","DetNS1    ",  -1.00000
"dBurS1DetN","DetNS2    ",   1.00000
"dSWBuS1DtN","DetNS1    ",  -1.00000
"dBurS2DetN","DetNS2    ",  -1.00000
"dDigS1DetN","DetNS1    ",   1.00000
"dDigS1DetN","DetNS2    ",  -1.00000
"dDigS2DetN","DetNS2    ",   1.00000
"dResS1DetP","POP1      ",   1.00000
"dResS1DetP","DetPS1    ",  -1.00000
"dResS2DetP","DetPS2    ",  -1.00000
"dResS2DetP","POP1      ",   1.00000
"dBurS1DetP","DetPS1    ",  -1.00000
"dBurS1DetP","DetPS2    ",   1.00000
"dSWBuS1DtP","DetPS1    ",  -1.00000
"dBurS2DetP","DetPS2    ",  -1.00000
"dDigS1DetP","DetPS1    ",   1.00000
"dDigS1DetP","DetPS2    ",  -1.00000
"dDigS2DetP","DetPS2    ",   1.00000
"dResS1DetS","Opal      ",   1.00000
"dResS1DetS","DetSiS1   ",  -1.00000
"dResS2DetS","DetSiS2   ",  -1.00000
"dResS2DetS","Opal      ",   1.00000
"dBurS1DetS","DetSiS1   ",  -1.00000
"dBurS1DetS","DetSiS2   ",   1.00000
"dSWBuS1DtS","DetSiS1   ",  -1.00000
"dBurS2DetS","DetSiS2   ",  -1.00000
"dDigS1DetS","DetSiS1   ",   1.00000
"dDigS1DetS","DetSiS2   ",  -1.00000
"dDigS2DetS","DetSiS2   ",   1.00000
"dResS1OOC ","POC2      ",   1.00000
"dResS1OOC ","OOCS1     ",  -1.00000
"dResS2OOC ","OOCS2     ",  -1.00000
"dResS2OOC ","POC2      ",   1.00000
"dBurS1OOC ","OOCS1     ",  -1.00000
"dBurS1OOC ","OOCS2     ",   1.00000
"dSWBuS1OOC","OOCS1     ",  -1.00000
"dBurS2OOC ","OOCS2     ",  -1.00000
"dDigS1OOC ","OOCS1     ",   1.00000
"dDigS1OOC ","OOCS2     ",  -1.00000
"dDigS2OOC ","OOCS2     ",   1.00000
"dResS1OON ","PON2      ",   1.00000
"dResS1OON ","OONS1     ",  -1.00000
"dResS2OON ","OONS2     ",  -1.00000
"dResS2OON ","PON2      ",   1.00000
"dBurS1OON ","OONS1     ",  -1.00000
"dBurS1OON ","OONS2     ",   1.00000
"dSWBuS1OON","OONS1     ",  -1.00000
"dBurS2OON ","OONS2     ",  -1.00000
"dDigS1OON ","OONS1     ",   1.00000
"dDigS1OON ","OONS2     ",  -1.00000
"dDigS2OON ","OONS2     ",   1.00000
"dResS1OOP ","POP2      ",   1.00000
"dResS1OOP ","OOPS1     ",  -1.00000
"dResS2OOP ","OOPS2     ",  -1.00000
"dResS2OOP ","POP2      ",   1.00000
"dBurS1OOP ","OOPS1     ",  -1.00000
"dBurS1OOP ","OOPS2     ",   1.00000
"dSWBuS1OOP","OOPS1     ",  -1.00000
"dBurS2OOP ","OOPS2     ",  -1.00000
"dDigS1OOP ","OOPS1     ",   1.00000
"dDigS1OOP ","OOPS2     ",  -1.00000
"dDigS2OOP ","OOPS2     ",   1.00000
"dResS1OOSi","Opal      ",   1.00000
"dResS1OOSi","OOSiS1    ",  -1.00000
"dResS2OOSi","OOSiS2    ",  -1.00000
"dResS2OOSi","Opal      ",   1.00000
"dBurS1OOS ","OOSiS1    ",  -1.00000
"dBurS1OOS ","OOSiS2    ",   1.00000
"dSWBuS1OOS","OOSiS1    ",  -1.00000
"dBurS2OOS ","OOSiS2    ",  -1.00000
"dDigS1OOS ","OOSiS1    ",   1.00000
"dDigS1OOS ","OOSiS2    ",  -1.00000
"dDigS2OOS ","OOSiS2    ",   1.00000
"dResS1Diat","POC1      ",   1.00000
"dResS1Diat","DiatS1    ",  -1.00000
"dResS2Diat","DiatS2    ",  -1.00000
"dResS2Diat","POC1      ",   1.00000
"dBurS1Diat","DiatS1    ",  -1.00000
"dBurS1Diat","DiatS2    ",   1.00000
"dSWBuS1Dia","DiatS1    ",  -1.00000
"dBurS2Diat","DiatS2    ",  -1.00000
"dDigS1Diat","DiatS1    ",   1.00000
"dDigS1Diat","DiatS2    ",  -1.00000
"dDigS2Diat","DiatS2    ",   1.00000
"dResS1DiDN","PON1      ",   1.00000
"dResS1DiDP","POP1      ",   1.00000
"dResS1DiDS","OPAL      ",   1.00000
"dResS2DiDN","PON1      ",   1.00000
"dResS2DiDP","POP1      ",   1.00000
"dResS2DiDS","OPAL      ",   1.00000
"dResS1MPB1","MPB1peli  ",   1.00000
"dResS1MPB1","MPB1S1    ",  -1.00000
"dResS2MPB1","MPB1S2    ",  -1.00000
"dResS2MPB1","MPB1peli  ",   1.00000
"dBurS1MPB1","MPB1S1    ",  -1.00000
"dBurS1MPB1","MPB1S2    ",   1.00000
"dBurS2MPB1","MPB1S2    ",  -1.00000
"dDigS1MPB1","MPB1S1    ",   1.00000
"dDigS1MPB1","MPB1S2    ",  -1.00000
"dDigS2MPB1","MPB1S2    ",   1.00000
"dResS1MPB2","MPB2psam  ",   1.00000
"dResS1MPB2","MPB2S1    ",  -1.00000
"dResS2MPB2","MPB2S2    ",  -1.00000
"dResS2MPB2","MPB2psam  ",   1.00000
"dBurS1MPB2","MPB2S1    ",  -1.00000
"dBurS1MPB2","MPB2S2    ",   1.00000
"dBurS2MPB2","MPB2S2    ",  -1.00000
"dDigS1MPB2","MPB2S1    ",   1.00000
"dDigS1MPB2","MPB2S2    ",  -1.00000
"dDigS2MPB2","MPB2S2    ",   1.00000
"dResS1IM1 ","IM1       ",   1.00000
"dResS1IM1 ","IM1S1     ",  -1.00000
"dResS2IM1 ","IM1S2     ",  -1.00000
"dResS2IM1 ","IM1       ",   1.00000
"dBurS1IM1 ","IM1S1     ",  -1.00000
"dBurS1IM1 ","IM1S2     ",   1.00000
"dBurS2IM1 ","IM1S2     ",  -1.00000
"dDigS1IM1 ","IM1S1     ",   1.00000
"dDigS1IM1 ","IM1S2     ",  -1.00000
"dDigS2IM1 ","IM1S2     ",   1.00000
"dResS1IM2 ","IM2       ",   1.00000
"dResS1IM2 ","IM2S1     ",  -1.00000
"dResS2IM2 ","IM2S2     ",  -1.00000
"dResS2IM2 ","IM2       ",   1.00000
"dBurS1IM2 ","IM2S1     ",  -1.00000
"dBurS1IM2 ","IM2S2     ",   1.00000
"dBurS2IM2 ","IM2S2     ",  -1.00000
"dDigS1IM2 ","IM2S1     ",   1.00000
"dDigS1IM2 ","IM2S2     ",  -1.00000
"dDigS2IM2 ","IM2S2     ",   1.00000
"dResS1IM3 ","IM3       ",   1.00000
"dResS1IM3 ","IM3S1     ",  -1.00000
"dResS2IM3 ","IM3S2     ",  -1.00000
"dResS2IM3 ","IM3       ",   1.00000
"dBurS1IM3 ","IM3S1     ",  -1.00000
"dBurS1IM3 ","IM3S2     ",   1.00000
"dBurS2IM3 ","IM3S2     ",  -1.00000
"dDigS1IM3 ","IM3S1     ",   1.00000
"dDigS1IM3 ","IM3S2     ",  -1.00000
"dDigS2IM3 ","IM3S2     ",   1.00000
"dResS1AAP ","AAP       ",   1.00000
"dResS1AAP ","AAPS1     ",  -1.00000
"dResS2AAP ","AAPS2     ",  -1.00000
"dResS2AAP ","AAP       ",   1.00000
"dBurS1AAP ","AAPS1     ",  -1.00000
"dBurS1AAP ","AAPS2     ",   1.00000
"dBurS2AAP ","AAPS2     ",  -1.00000
"dDigS1AAP ","AAPS1     ",   1.00000
"dDigS1AAP ","AAPS2     ",  -1.00000
"dDigS2AAP ","AAPS2     ",   1.00000
"dSorpCd   ","Cd-dis    ",  -1.00000
"dSorpCd   ","Cd-par    ",   1.00000
"dSorpCr   ","Cr-dis    ",  -1.00000
"dSorpCr   ","Cr-par    ",   1.00000
"dSorpCu   ","Cu-dis    ",  -1.00000
"dSorpCu   ","Cu-par    ",   1.00000
"dSorpHg   ","Hg-dis    ",  -1.00000
"dSorpHg   ","Hg-par    ",   1.00000
"dSorpNi   ","Ni-dis    ",  -1.00000
"dSorpNi   ","Ni-par    ",   1.00000
"dSorpPb   ","Pb-dis    ",  -1.00000
"dSorpPb   ","Pb-par    ",   1.00000
"dSorpAs   ","As-dis    ",  -1.00000
"dSorpAs   ","As-par    ",   1.00000
"dSorpVa   ","Va-dis    ",  -1.00000
"dSorpVa   ","Va-par    ",   1.00000
"dSorpZn   ","Zn-dis    ",  -1.00000
"dSorpZn   ","Zn-par    ",   1.00000
"dSorpCdS1 ","CdS1-dis  ",  -1.00000
"dSorpCdS1 ","CdS1-par  ",   1.00000
"dSorpCrS1 ","CrS1-dis  ",  -1.00000
"dSorpCrS1 ","CrS1-par  ",   1.00000
"dSorpCuS1 ","CuS1-dis  ",  -1.00000
"dSorpCuS1 ","CuS1-par  ",   1.00000
"dSorpHgS1 ","HgS1-dis  ",  -1.00000
"dSorpHgS1 ","HgS1-par  ",   1.00000
"dSorpNiS1 ","NiS1-dis  ",  -1.00000
"dSorpNiS1 ","NiS1-par  ",   1.00000
"dSorpPbS1 ","PbS1-dis  ",  -1.00000
"dSorpPbS1 ","PbS1-par  ",   1.00000
"dSorpAsS1 ","AsS1-dis  ",  -1.00000
"dSorpAsS1 ","AsS1-par  ",   1.00000
"dSorpVaS1 ","VaS1-dis  ",  -1.00000
"dSorpVaS1 ","VaS1-par  ",   1.00000
"dSorpZnS1 ","ZnS1-dis  ",  -1.00000
"dSorpZnS1 ","ZnS1-par  ",   1.00000
"dSorpCdS2 ","CdS2-dis  ",  -1.00000
"dSorpCdS2 ","CdS2-par  ",   1.00000
"dSorpCrS2 ","CrS2-dis  ",  -1.00000
"dSorpCrS2 ","CrS2-par  ",   1.00000
"dSorpCuS2 ","CuS2-dis  ",  -1.00000
"dSorpCuS2 ","CuS2-par  ",   1.00000
"dSorpHgS2 ","HgS2-dis  ",  -1.00000
"dSorpHgS2 ","HgS2-par  ",   1.00000
"dSorpNiS2 ","NiS2-dis  ",  -1.00000
"dSorpNiS2 ","NiS2-par  ",   1.00000
"dSorpPbS2 ","PbS2-dis  ",  -1.00000
"dSorpPbS2 ","PbS2-par  ",   1.00000
"dSorpAsS2 ","AsS2-dis  ",  -1.00000
"dSorpAsS2 ","AsS2-par  ",   1.00000
"dSorpVaS2 ","VaS2-dis  ",  -1.00000
"dSorpVaS2 ","VaS2-par  ",   1.00000
"dSorpZnS2 ","ZnS2-dis  ",  -1.00000
"dSorpZnS2 ","ZnS2-par  ",   1.00000
"dSorp153S1","153S1-Dis ",  -1.00000
"dSorp153S1","153S1-Par ",   1.00000
"dSorpAtrS1","AtrS1-Dis ",  -1.00000
"dSorpAtrS1","AtrS1-Par ",   1.00000
"dSorpBaPS1","BaPS1-Dis ",  -1.00000
"dSorpBaPS1","BaPS1-Par ",   1.00000
"dSorpDiuS1","DiuS1-Dis ",  -1.00000
"dSorpDiuS1","DiuS1-Par ",   1.00000
"dSorpFluS1","FluS1-Dis ",  -1.00000
"dSorpFluS1","FluS1-Par ",   1.00000
"dSorpHCBS1","HCBS1-Dis ",  -1.00000
"dSorpHCBS1","HCBS1-Par ",   1.00000
"dSorpHCHS1","HCHS1-Dis ",  -1.00000
"dSorpHCHS1","HCHS1-Par ",   1.00000
"dSorpMefS1","MefS1-Dis ",  -1.00000
"dSorpMefS1","MefS1-Par ",   1.00000
"dSorp153S2","153S2-Dis ",  -1.00000
"dSorp153S2","153S2-Par ",   1.00000
"dSorpAtrS2","AtrS2-Dis ",  -1.00000
"dSorpAtrS2","AtrS2-Par ",   1.00000
"dSorpBaPS2","BaPS2-Dis ",  -1.00000
"dSorpBaPS2","BaPS2-Par ",   1.00000
"dSorpDiuS2","DiuS2-Dis ",  -1.00000
"dSorpDiuS2","DiuS2-Par ",   1.00000
"dSorpFluS2","FluS2-Dis ",  -1.00000
"dSorpFluS2","FluS2-Par ",   1.00000
"dSorpHCBS2","HCBS2-Dis ",  -1.00000
"dSorpHCBS2","HCBS2-Par ",   1.00000
"dSorpHCHS2","HCHS2-Dis ",  -1.00000
"dSorpHCHS2","HCHS2-Par ",   1.00000
"dSorpMefS2","MefS2-Dis ",  -1.00000
"dSorpMefS2","MefS2-Par ",   1.00000
"dSorp153  ","153-dis   ",  -1.00000
"dSorp153  ","153-par   ",   1.00000
"dSorpAtr  ","Atr-dis   ",  -1.00000
"dSorpAtr  ","Atr-par   ",   1.00000
"dSorpBaP  ","BaP-dis   ",  -1.00000
"dSorpBaP  ","BaP-par   ",   1.00000
"dSorpDiu  ","Diu-dis   ",  -1.00000
"dSorpDiu  ","Diu-par   ",   1.00000
"dSorpFlu  ","Flu-dis   ",  -1.00000
"dSorpFlu  ","Flu-par   ",   1.00000
"dSorpHCB  ","HCB-dis   ",  -1.00000
"dSorpHCB  ","HCB-par   ",   1.00000
"dSorpHCH  ","HCH-dis   ",  -1.00000
"dSorpHCH  ","HCH-par   ",   1.00000
"dSorpMef  ","Mef-dis   ",  -1.00000
"dSorpMef  ","Mef-par   ",   1.00000
"dSedResALG","UlvaF     ",   1.00000
"dSedResALG","UlvaS     ",   1.00000
"dSedRes01 ","BLOOMALG01",   1.00000
"dSedRes02 ","BLOOMALG02",   1.00000
"dSedRes03 ","BLOOMALG03",   1.00000
"dSedRes04 ","BLOOMALG04",   1.00000
"dSedRes05 ","BLOOMALG05",   1.00000
"dSedRes06 ","BLOOMALG06",   1.00000
"dSedRes07 ","BLOOMALG07",   1.00000
"dSedRes08 ","BLOOMALG08",   1.00000
"dSedRes09 ","BLOOMALG09",   1.00000
"dSedRes10 ","BLOOMALG10",   1.00000
"dSedRes11 ","BLOOMALG11",   1.00000
"dSedRes12 ","BLOOMALG12",   1.00000
"dSedRes13 ","BLOOMALG13",   1.00000
"dSedRes14 ","BLOOMALG14",   1.00000
"dSedRes15 ","BLOOMALG15",   1.00000
"dSedRes16 ","BLOOMALG16",   1.00000
"dSedRes17 ","BLOOMALG17",   1.00000
"dSedRes18 ","BLOOMALG18",   1.00000
"dSedRes19 ","BLOOMALG19",   1.00000
"dSedRes20 ","BLOOMALG20",   1.00000
"dSedRes21 ","BLOOMALG21",   1.00000
"dSedRes22 ","BLOOMALG22",   1.00000
"dSedRes23 ","BLOOMALG23",   1.00000
"dSedRes24 ","BLOOMALG24",   1.00000
"dSedRes25 ","BLOOMALG25",   1.00000
"dSedRes26 ","BLOOMALG26",   1.00000
"dSedRes27 ","BLOOMALG27",   1.00000
"dSedRes28 ","BLOOMALG28",   1.00000
"dSedRes29 ","BLOOMALG29",   1.00000
"dSedRes30 ","BLOOMALG30",   1.00000
"dGrzDisC  ","OXY       ",  -2.67000
"dGrzDisC  ","TIC       ",   1.00000
"dGrzDisN  ","NH4       ",   1.00000
"dGrzDisN  ","H+        ",  -0.07100
"dGrzDisN  ","ALKA      ",   4.35700
"dGrzDisP  ","PO4       ",   1.00000
"dGrzDisP  ","H+        ",   0.09700
"dGrzDisP  ","ALKA      ",  -5.65600
"dGrzDisSi ","Si        ",   1.00000
"dGrzPOC1  ","POC1      ",   1.00000
"dGrzPON1  ","PON1      ",   1.00000
"dGrzPOP1  ","POP1      ",   1.00000
"dGrzPOSi1 ","Opal      ",   1.00000
"dGrzDetCS1","DetCS1    ",   1.00000
"dGrzDetNS1","DetNS1    ",   1.00000
"dGrzDetPS1","DetPS1    ",   1.00000
"dGrzDetSS1","DetSiS1   ",   1.00000
"dGrzGreen ","Green     ",  -1.00000
"dGrzDiat  ","Diat      ",  -1.00000
"dGrzALG01 ","BLOOMALG01",  -1.00000
"dGrzALG02 ","BLOOMALG02",  -1.00000
"dGrzALG03 ","BLOOMALG03",  -1.00000
"dGrzALG04 ","BLOOMALG04",  -1.00000
"dGrzALG05 ","BLOOMALG05",  -1.00000
"dGrzALG06 ","BLOOMALG06",  -1.00000
"dGrzALG07 ","BLOOMALG07",  -1.00000
"dGrzALG08 ","BLOOMALG08",  -1.00000
"dGrzALG09 ","BLOOMALG09",  -1.00000
"dGrzALG10 ","BLOOMALG10",  -1.00000
"dGrzALG11 ","BLOOMALG11",  -1.00000
"dGrzALG12 ","BLOOMALG12",  -1.00000
"dGrzALG13 ","BLOOMALG13",  -1.00000
"dGrzALG14 ","BLOOMALG14",  -1.00000
"dGrzALG15 ","BLOOMALG15",  -1.00000
"dGrzALG16 ","BLOOMALG16",  -1.00000
"dGrzALG17 ","BLOOMALG17",  -1.00000
"dGrzALG18 ","BLOOMALG18",  -1.00000
"dGrzALG19 ","BLOOMALG19",  -1.00000
"dGrzALG20 ","BLOOMALG20",  -1.00000
"dGrzALG21 ","BLOOMALG21",  -1.00000
"dGrzALG22 ","BLOOMALG22",  -1.00000
"dGrzALG23 ","BLOOMALG23",  -1.00000
"dGrzALG24 ","BLOOMALG24",  -1.00000
"dGrzALG25 ","BLOOMALG25",  -1.00000
"dGrzALG26 ","BLOOMALG26",  -1.00000
"dGrzALG27 ","BLOOMALG27",  -1.00000
"dGrzALG28 ","BLOOMALG28",  -1.00000
"dGrzALG29 ","BLOOMALG29",  -1.00000
"dGrzALG30 ","BLOOMALG30",  -1.00000
"dVolat153 ","153       ",  -1.00000
"dVolat153 ","153-dis   ",  -1.00000
"dVolatHCB ","HCB       ",  -1.00000
"dVolatHCB ","HCB-dis   ",  -1.00000
"dVolatHCH ","HCH       ",  -1.00000
"dVolatHCH ","HCH-dis   ",  -1.00000
"dVolatFlu ","Flu       ",  -1.00000
"dVolatFlu ","Flu-dis   ",  -1.00000
"dVolatBaP ","BaP       ",  -1.00000
"dVolatBaP ","BaP-dis   ",  -1.00000
"dVolatAtr ","Atr       ",  -1.00000
"dVolatAtr ","Atr-dis   ",  -1.00000
"dVolatMef ","Mef       ",  -1.00000
"dVolatMef ","Mef-dis   ",  -1.00000
"dVolatDiu ","Diu       ",  -1.00000
"dVolatDiu ","Diu-dis   ",  -1.00000
"dLoss153  ","153       ",  -1.00000
"dLossHCB  ","HCB       ",  -1.00000
"dLossHCH  ","HCH       ",  -1.00000
"dLossFlu  ","Flu       ",  -1.00000
"dLossBaP  ","BaP       ",  -1.00000
"dLossAtr  ","Atr       ",  -1.00000
"dLossMef  ","Mef       ",  -1.00000
"dLossDiu  ","Diu       ",  -1.00000
"dLoss153S1","153S1     ",  -1.00000
"dLossHCBS1","HCBS1     ",  -1.00000
"dLossHCHS1","HCHS1     ",  -1.00000
"dLossFluS1","FluS1     ",  -1.00000
"dLossBaPS1","BaPS1     ",  -1.00000
"dLossAtrS1","AtrS1     ",  -1.00000
"dLossMefS1","MefS1     ",  -1.00000
"dLossDiuS1","DiuS1     ",  -1.00000
"dLoss153S2","153S2     ",  -1.00000
"dLossHCBS2","HCBS2     ",  -1.00000
"dLossHCHS2","HCHS2     ",  -1.00000
"dLossFluS2","FluS2     ",  -1.00000
"dLossBaPS2","BaPS2     ",  -1.00000
"dLossAtrS2","AtrS2     ",  -1.00000
"dLossMefS2","MefS2     ",  -1.00000
"dLossDiuS2","DiuS2     ",  -1.00000
"dSedCd    ","Cd        ",  -1.00000
"dSedCd    ","Cd-par    ",  -1.00000
"dSedCd    ","CdS1      ",   1.00000
"dSedCd    ","CdS1-par  ",   1.00000
"dSedCu    ","Cu        ",  -1.00000
"dSedCu    ","Cu-par    ",  -1.00000
"dSedCu    ","CuS1      ",   1.00000
"dSedCu    ","CuS1-par  ",   1.00000
"dSedZn    ","Zn        ",  -1.00000
"dSedZn    ","Zn-par    ",  -1.00000
"dSedZn    ","ZnS1      ",   1.00000
"dSedZn    ","ZnS1-par  ",   1.00000
"dSedHg    ","Hg        ",  -1.00000
"dSedHg    ","Hg-par    ",  -1.00000
"dSedHg    ","HgS1      ",   1.00000
"dSedHg    ","HgS1-par  ",   1.00000
"dSedNi    ","Ni        ",  -1.00000
"dSedNi    ","Ni-par    ",  -1.00000
"dSedNi    ","NiS1      ",   1.00000
"dSedNi    ","NiS1-par  ",   1.00000
"dSedPb    ","Pb        ",  -1.00000
"dSedPb    ","Pb-par    ",  -1.00000
"dSedPb    ","PbS1      ",   1.00000
"dSedPb    ","PbS1-par  ",   1.00000
"dSedCr    ","Cr        ",  -1.00000
"dSedCr    ","Cr-par    ",  -1.00000
"dSedCr    ","CrS1      ",   1.00000
"dSedCr    ","CrS1-par  ",   1.00000
"dSedAs    ","As        ",  -1.00000
"dSedAs    ","As-par    ",  -1.00000
"dSedAs    ","AsS1      ",   1.00000
"dSedAs    ","AsS1-par  ",   1.00000
"dSedVa    ","Va        ",  -1.00000
"dSedVa    ","Va-par    ",  -1.00000
"dSedVa    ","VaS1      ",   1.00000
"dSedVa    ","VaS1-par  ",   1.00000
"dSed153   ","153       ",  -1.00000
"dSed153   ","153-par   ",  -1.00000
"dSed153   ","153S1     ",   1.00000
"dSed153   ","153S1-par ",   1.00000
"dSedHCB   ","HCB       ",  -1.00000
"dSedHCB   ","HCB-par   ",  -1.00000
"dSedHCB   ","HCBS1     ",   1.00000
"dSedHCB   ","HCBS1-par ",   1.00000
"dSedHCH   ","HCH       ",  -1.00000
"dSedHCH   ","HCH-par   ",  -1.00000
"dSedHCH   ","HCHS1     ",   1.00000
"dSedHCH   ","HCHS1-par ",   1.00000
"dSedFlu   ","Flu       ",  -1.00000
"dSedFlu   ","Flu-par   ",  -1.00000
"dSedFlu   ","FluS1     ",   1.00000
"dSedFlu   ","FluS1-par ",   1.00000
"dSedBap   ","Bap       ",  -1.00000
"dSedBap   ","Bap-par   ",  -1.00000
"dSedBap   ","BapS1     ",   1.00000
"dSedBap   ","BapS1-par ",   1.00000
"dSedAtr   ","Atr       ",  -1.00000
"dSedAtr   ","Atr-par   ",  -1.00000
"dSedAtr   ","AtrS1     ",   1.00000
"dSedAtr   ","AtrS1-par ",   1.00000
"dSedMef   ","Mef       ",  -1.00000
"dSedMef   ","Mef-par   ",  -1.00000
"dSedMef   ","MefS1     ",   1.00000
"dSedMef   ","MefS1-par ",   1.00000
"dSedDiu   ","Diu       ",  -1.00000
"dSedDiu   ","Diu-par   ",  -1.00000
"dSedDiu   ","DiuS1     ",   1.00000
"dSedDiu   ","DiuS1-par ",   1.00000
"dResS1As  ","As        ",   1.00000
"dResS1As  ","AsS1      ",  -1.00000
"dResS2As  ","As        ",   1.00000
"dResS2As  ","AsS2      ",  -1.00000
"dBurS1As  ","AsS1      ",  -1.00000
"dBurS1As  ","AsS2      ",   1.00000
"dBurS2As  ","AsS2      ",  -1.00000
"dDigS1As  ","AsS1      ",   1.00000
"dDigS1As  ","AsS2      ",  -1.00000
"dDigS2As  ","AsS2      ",   1.00000
"dResS1Cd  ","Cd        ",   1.00000
"dResS1Cd  ","CdS1      ",  -1.00000
"dResS2Cd  ","Cd        ",   1.00000
"dResS2Cd  ","CdS2      ",  -1.00000
"dBurS1Cd  ","CdS1      ",  -1.00000
"dBurS1Cd  ","CdS2      ",   1.00000
"dBurS2Cd  ","CdS2      ",  -1.00000
"dDigS1Cd  ","CdS1      ",   1.00000
"dDigS1Cd  ","CdS2      ",  -1.00000
"dDigS2Cd  ","CdS2      ",   1.00000
"dResS1Cr  ","Cr        ",   1.00000
"dResS1Cr  ","CrS1      ",  -1.00000
"dResS2Cr  ","Cr        ",   1.00000
"dResS2Cr  ","CrS2      ",  -1.00000
"dBurS1Cr  ","CrS1      ",  -1.00000
"dBurS1Cr  ","CrS2      ",   1.00000
"dBurS2Cr  ","CrS2      ",  -1.00000
"dDigS1Cr  ","CrS1      ",   1.00000
"dDigS1Cr  ","CrS2      ",  -1.00000
"dDigS2Cr  ","CrS2      ",   1.00000
"dResS1Cu  ","Cu        ",   1.00000
"dResS1Cu  ","CuS1      ",  -1.00000
"dResS2Cu  ","Cu        ",   1.00000
"dResS2Cu  ","CuS2      ",  -1.00000
"dBurS1Cu  ","CuS1      ",  -1.00000
"dBurS1Cu  ","CuS2      ",   1.00000
"dBurS2Cu  ","CuS2      ",  -1.00000
"dDigS1Cu  ","CuS1      ",   1.00000
"dDigS1Cu  ","CuS2      ",  -1.00000
"dDigS2Cu  ","CuS2      ",   1.00000
"dResS1Hg  ","Hg        ",   1.00000
"dResS1Hg  ","HgS1      ",  -1.00000
"dResS2Hg  ","Hg        ",   1.00000
"dResS2Hg  ","HgS2      ",  -1.00000
"dBurS1Hg  ","HgS1      ",  -1.00000
"dBurS1Hg  ","HgS2      ",   1.00000
"dBurS2Hg  ","HgS2      ",  -1.00000
"dDigS1Hg  ","HgS1      ",   1.00000
"dDigS1Hg  ","HgS2      ",  -1.00000
"dDigS2Hg  ","HgS2      ",   1.00000
"dResS1Ni  ","Ni        ",   1.00000
"dResS1Ni  ","NiS1      ",  -1.00000
"dResS2Ni  ","Ni        ",   1.00000
"dResS2Ni  ","NiS2      ",  -1.00000
"dBurS1Ni  ","NiS1      ",  -1.00000
"dBurS1Ni  ","NiS2      ",   1.00000
"dBurS2Ni  ","NiS2      ",  -1.00000
"dDigS1Ni  ","NiS1      ",   1.00000
"dDigS1Ni  ","NiS2      ",  -1.00000
"dDigS2Ni  ","NiS2      ",   1.00000
"dResS1Pb  ","Pb        ",   1.00000
"dResS1Pb  ","PbS1      ",  -1.00000
"dResS2Pb  ","Pb        ",   1.00000
"dResS2Pb  ","PbS2      ",  -1.00000
"dBurS1Pb  ","PbS1      ",  -1.00000
"dBurS1Pb  ","PbS2      ",   1.00000
"dBurS2Pb  ","PbS2      ",  -1.00000
"dDigS1Pb  ","PbS1      ",   1.00000
"dDigS1Pb  ","PbS2      ",  -1.00000
"dDigS2Pb  ","PbS2      ",   1.00000
"dResS1Va  ","Va        ",   1.00000
"dResS1Va  ","VaS1      ",  -1.00000
"dResS2Va  ","Va        ",   1.00000
"dResS2Va  ","VaS2      ",  -1.00000
"dBurS1Va  ","VaS1      ",  -1.00000
"dBurS1Va  ","VaS2      ",   1.00000
"dBurS2Va  ","VaS2      ",  -1.00000
"dDigS1Va  ","VaS1      ",   1.00000
"dDigS1Va  ","VaS2      ",  -1.00000
"dDigS2Va  ","VaS2      ",   1.00000
"dResS1Zn  ","Zn        ",   1.00000
"dResS1Zn  ","ZnS1      ",  -1.00000
"dResS2Zn  ","Zn        ",   1.00000
"dResS2Zn  ","ZnS2      ",  -1.00000
"dBurS1Zn  ","ZnS1      ",  -1.00000
"dBurS1Zn  ","ZnS2      ",   1.00000
"dBurS2Zn  ","ZnS2      ",  -1.00000
"dDigS1Zn  ","ZnS1      ",   1.00000
"dDigS1Zn  ","ZnS2      ",  -1.00000
"dDigS2Zn  ","ZnS2      ",   1.00000
"dResS1153 ","153       ",   1.00000
"dResS1153 ","153S1     ",  -1.00000
"dResS2153 ","153       ",   1.00000
"dResS2153 ","153S2     ",  -1.00000
"dBurS1153 ","153S1     ",  -1.00000
"dBurS1153 ","153S2     ",   1.00000
"dBurS2153 ","153S2     ",  -1.00000
"dDigS1153 ","153S1     ",   1.00000
"dDigS1153 ","153S2     ",  -1.00000
"dDigS2153 ","153S2     ",   1.00000
"dResS1Atr ","Atr       ",   1.00000
"dResS1Atr ","AtrS1     ",  -1.00000
"dResS2Atr ","Atr       ",   1.00000
"dResS2Atr ","AtrS2     ",  -1.00000
"dBurS1Atr ","AtrS1     ",  -1.00000
"dBurS1Atr ","AtrS2     ",   1.00000
"dBurS2Atr ","AtrS2     ",  -1.00000
"dDigS1Atr ","AtrS1     ",   1.00000
"dDigS1Atr ","AtrS2     ",  -1.00000
"dDigS2Atr ","AtrS2     ",   1.00000
"dResS1Mef ","Mef       ",   1.00000
"dResS1Mef ","MefS1     ",  -1.00000
"dResS2Mef ","Mef       ",   1.00000
"dResS2Mef ","MefS2     ",  -1.00000
"dBurS1Mef ","MefS1     ",  -1.00000
"dBurS1Mef ","MefS2     ",   1.00000
"dBurS2Mef ","MefS2     ",  -1.00000
"dDigS1Mef ","MefS1     ",   1.00000
"dDigS1Mef ","MefS2     ",  -1.00000
"dDigS2Mef ","MefS2     ",   1.00000
"dResS1Diu ","Diu       ",   1.00000
"dResS1Diu ","DiuS1     ",  -1.00000
"dResS2Diu ","Diu       ",   1.00000
"dResS2Diu ","DiuS2     ",  -1.00000
"dBurS1Diu ","DiuS1     ",  -1.00000
"dBurS1Diu ","DiuS2     ",   1.00000
"dBurS2Diu ","DiuS2     ",  -1.00000
"dDigS1Diu ","DiuS1     ",   1.00000
"dDigS1Diu ","DiuS2     ",  -1.00000
"dDigS2Diu ","DiuS2     ",   1.00000
"dResS1BaP ","BaP       ",   1.00000
"dResS1BaP ","BaPS1     ",  -1.00000
"dResS2BaP ","BaP       ",   1.00000
"dResS2BaP ","BaPS2     ",  -1.00000
"dBurS1BaP ","BaPS1     ",  -1.00000
"dBurS1BaP ","BaPS2     ",   1.00000
"dBurS2BaP ","BaPS2     ",  -1.00000
"dDigS1BaP ","BaPS1     ",   1.00000
"dDigS1BaP ","BaPS2     ",  -1.00000
"dDigS2BaP ","BaPS2     ",   1.00000
"dResS1OMP ","OMP       ",   1.00000
"dResS1OMP ","OMPS1     ",  -1.00000
"dResS2OMP ","OMP       ",   1.00000
"dResS2OMP ","OMPS2     ",  -1.00000
"dBurS1OMP ","OMPS1     ",  -1.00000
"dBurS1OMP ","OMPS2     ",   1.00000
"dBurS2OMP ","OMPS2     ",  -1.00000
"dDigS1OMP ","OMPS1     ",   1.00000
"dDigS1OMP ","OMPS2     ",  -1.00000
"dDigS2OMP ","OMPS2     ",   1.00000
"dResS1Flu ","Flu       ",   1.00000
"dResS1Flu ","FluS1     ",  -1.00000
"dResS2Flu ","Flu       ",   1.00000
"dResS2Flu ","FluS2     ",  -1.00000
"dBurS1Flu ","FluS1     ",  -1.00000
"dBurS1Flu ","FluS2     ",   1.00000
"dBurS2Flu ","FluS2     ",  -1.00000
"dDigS1Flu ","FluS1     ",   1.00000
"dDigS1Flu ","FluS2     ",  -1.00000
"dDigS2Flu ","FluS2     ",   1.00000
"dResS1HCB ","HCB       ",   1.00000
"dResS1HCB ","HCBS1     ",  -1.00000
"dResS2HCB ","HCB       ",   1.00000
"dResS2HCB ","HCBS2     ",  -1.00000
"dBurS1HCB ","HCBS1     ",  -1.00000
"dBurS1HCB ","HCBS2     ",   1.00000
"dBurS2HCB ","HCBS2     ",  -1.00000
"dDigS1HCB ","HCBS1     ",   1.00000
"dDigS1HCB ","HCBS2     ",  -1.00000
"dDigS2HCB ","HCBS2     ",   1.00000
"dResS1HCH ","HCH       ",   1.00000
"dResS1HCH ","HCHS1     ",  -1.00000
"dResS2HCH ","HCH       ",   1.00000
"dResS2HCH ","HCHS2     ",  -1.00000
"dBurS1HCH ","HCHS1     ",  -1.00000
"dBurS1HCH ","HCHS2     ",   1.00000
"dBurS2HCH ","HCHS2     ",  -1.00000
"dDigS1HCH ","HCHS1     ",   1.00000
"dDigS1HCH ","HCHS2     ",  -1.00000
"dDigS2HCH ","HCHS2     ",   1.00000
"dEvapConti","Continuity",   1.00000
"dAtmDepIM1","IM1       ",   1.00000
"dAtmDepIM2","IM2       ",   1.00000
"dAtmDepIM3","IM3       ",   1.00000
"dDfwastIM1","IM1       ",   1.00000
"dDfwastIM2","IM2       ",   1.00000
"dDfwastIM3","IM3       ",   1.00000
"dAtmDepNH4","NH4       ",   1.00000
"dAtmDepNO3","NO3       ",   1.00000
"dAtmDepPO4","PO4       ",   1.00000
"dAtmDepSO4","SO4       ",   1.00000
"dAtmDep153","153       ",   1.00000
"dAtmDep153","153-Par   ",   1.00000
"dAtmDepHCB","HCB       ",   1.00000
"dAtmDepHCB","HCB-Par   ",   1.00000
"dAtmDepHCH","HCH       ",   1.00000
"dAtmDepHCH","HCH-Par   ",   1.00000
"dAtmDepFlu","Flu       ",   1.00000
"dAtmDepFlu","Flu-Par   ",   1.00000
"dAtmDepBap","Bap       ",   1.00000
"dAtmDepBap","Bap-Par   ",   1.00000
"dAtmDepAtr","Atr       ",   1.00000
"dAtmDepAtr","Atr-Par   ",   1.00000
"dAtmDepMef","Mef       ",   1.00000
"dAtmDepMef","Mef-Par   ",   1.00000
"dAtmDepDiu","Diu       ",   1.00000
"dAtmDepDiu","Diu-Par   ",   1.00000
"dAtmDepCd ","Cd        ",   1.00000
"dAtmDepCd ","Cd-Par    ",   1.00000
"dAtmDepCu ","Cu        ",   1.00000
"dAtmDepCu ","Cu-Par    ",   1.00000
"dAtmDepZn ","Zn        ",   1.00000
"dAtmDepZn ","Zn-Par    ",   1.00000
"dAtmDepHg ","Hg        ",   1.00000
"dAtmDepHg ","Hg-Par    ",   1.00000
"dAtmDepNi ","Ni        ",   1.00000
"dAtmDepNi ","Ni-Par    ",   1.00000
"dAtmDepPb ","Pb        ",   1.00000
"dAtmDepPb ","Pb-Par    ",   1.00000
"dAtmDepCr ","Cr        ",   1.00000
"dAtmDepCr ","Cr-Par    ",   1.00000
"dAtmDepAs ","As        ",   1.00000
"dAtmDepAs ","As-Par    ",   1.00000
"dAtmDepVa ","Va        ",   1.00000
"dAtmDepVa ","Va-Par    ",   1.00000
"dDfwastNO3","NO3       ",   1.00000
"dDfwastNH4","NH4       ",   1.00000
"dDfwastPO4","PO4       ",   1.00000
"dDfwastSi ","Si        ",   1.00000
"dDfwastSO4","SO4       ",   1.00000
"dDfwast153","153       ",   1.00000
"dDfwast153","153-Par   ",   1.00000
"dDfwastHCB","HCB       ",   1.00000
"dDfwastHCB","HCB-Par   ",   1.00000
"dDfwastHCH","HCH       ",   1.00000
"dDfwastHCH","HCH-Par   ",   1.00000
"dDfwastFlu","Flu       ",   1.00000
"dDfwastFlu","Flu-Par   ",   1.00000
"dDfwastBap","Bap       ",   1.00000
"dDfwastBap","Bap-Par   ",   1.00000
"dDfwastAtr","Atr       ",   1.00000
"dDfwastAtr","Atr-Par   ",   1.00000
"dDfwastMef","Mef       ",   1.00000
"dDfwastMef","Mef-Par   ",   1.00000
"dDfwastDiu","Diu       ",   1.00000
"dDfwastDiu","Diu-Par   ",   1.00000
"dDfwastCd ","Cd        ",   1.00000
"dDfwastCd ","Cd-Par    ",   1.00000
"dDfwastCu ","Cu        ",   1.00000
"dDfwastCu ","Cu-Par    ",   1.00000
"dDfwastZn ","Zn        ",   1.00000
"dDfwastZn ","Zn-Par    ",   1.00000
"dDfwastHg ","Hg        ",   1.00000
"dDfwastHg ","Hg-Par    ",   1.00000
"dDfwastNi ","Ni        ",   1.00000
"dDfwastNi ","Ni-Par    ",   1.00000
"dDfwastPb ","Pb        ",   1.00000
"dDfwastPb ","Pb-Par    ",   1.00000
"dDfwastCr ","Cr        ",   1.00000
"dDfwastCr ","Cr-Par    ",   1.00000
"dDfwastAs ","As        ",   1.00000
"dDfwastAs ","As-Par    ",   1.00000
"dDfwastVa ","Va        ",   1.00000
"dDfwastVa ","Va-Par    ",   1.00000
"dDumNH3fre","NH4       ",   0.00000
"dDumPosOXY","OXY       ",   0.00000
"dDumSecchi","IM1       ",   0.00000
"dDumSecchi","POC1      ",   0.00000
"dTEWORBOD ","CBOD5     ",   1.00000
"dTEWORBOD2","CBOD5_2   ",   1.00000
"dTEWORBOD3","CBOD5_3   ",   1.00000
"dTEWORCOD ","COD_Cr    ",   1.00000
"dTEWOROXY ","OXY       ",   1.00000
"dTEWOROrgN","PON1      ",   1.00000
"dTEWORNH4 ","NH4       ",   1.00000
"dTEWORNO3 ","NO3       ",   1.00000
"dTEWOROON ","PON2      ",   1.00000
"dTEWORECol","EColi     ",   1.00000
"dSorpOMPS1","OMPS1-Dis ",  -1.00000
"dSorpOMPS1","OMPS1-Par ",   1.00000
"dSorpOMPS2","OMPS2-Dis ",  -1.00000
"dSorpOMPS2","OMPS2-Par ",   1.00000
"dSorpOMP  ","OMP-dis   ",  -1.00000
"dSorpOMP  ","OMP-par   ",   1.00000
"dVolatOMP ","OMP       ",  -1.00000
"dVolatOMP ","OMP-dis   ",  -1.00000
"dLossOMP  ","OMP       ",  -1.00000
"dLossOMPS1","OMPS1     ",  -1.00000
"dLossOMPS2","OMPS2     ",  -1.00000
"dSedOMP   ","OMP       ",  -1.00000
"dSedOMP   ","OMP-par   ",  -1.00000
"dSedOMP   ","OMPS1     ",   1.00000
"dSedOMP   ","OMPS1-par ",   1.00000
"dAtmDepOMP","OMP       ",   1.00000
"dAtmDepOMP","OMP-Par   ",   1.00000
"dDfwastOMP","OMP       ",   1.00000
"dDfwastOMP","OMP-Par   ",   1.00000
"dDamrear  ","OXY       ",   1.00000
"dTRSOXY   ","OXY       ",   1.00000
"dPrecAPPO4","PO4       ",  -1.00000
"dPrecAPPO4","APATP     ",   1.00000
"dDissAPPO4","PO4       ",   1.00000
"dDissAPPO4","APATP     ",  -1.00000
"dVB01     ","VB01      ",   1.00000
"dMrtC1VB01","VB01      ",  -1.00000
"dMrtC3VB01","VB01      ",  -1.00000
"dMrtC4VB01","VB01      ",  -1.00000
"dMrtC2VB01","VB01      ",  -1.00000
"dMrtC5VB01","VB01      ",  -1.00000
"dMC2VB01P1","POC1      ",   1.00000
"dMC2VB01P2","POC2      ",   1.00000
"dMC2VB01P3","POC3      ",   1.00000
"dMN2VB01P1","PON1      ",   1.00000
"dMN2VB01P2","PON2      ",   1.00000
"dMN2VB01P3","PON3      ",   1.00000
"dMP2VB01P1","POP1      ",   1.00000
"dMP2VB01P2","POP2      ",   1.00000
"dMP2VB01P3","POP3      ",   1.00000
"dMS2VB01P1","POS1      ",   1.00000
"dMS2VB01P2","POS2      ",   1.00000
"dMS2VB01P3","POS3      ",   1.00000
"dMC1VB01P5","POC5      ",   1.00000
"dMC3VB01P5","POC5      ",   1.00000
"dMN1VB01P5","PON5      ",   1.00000
"dMN3VB01P5","PON5      ",   1.00000
"dMP1VB01P5","POP5      ",   1.00000
"dMP3VB01P5","POP5      ",   1.00000
"dMS1VB01P5","POS5      ",   1.00000
"dMS3VB01P5","POS5      ",   1.00000
"dMC5VB01P1","POC1      ",   1.00000
"dMC5VB01P2","POC2      ",   1.00000
"dMC5VB01P3","POC3      ",   1.00000
"dMN5VB01P1","PON1      ",   1.00000
"dMN5VB01P2","PON2      ",   1.00000
"dMN5VB01P3","PON3      ",   1.00000
"dMP5VB01P1","POP1      ",   1.00000
"dMP5VB01P2","POP2      ",   1.00000
"dMP5VB01P3","POP3      ",   1.00000
"dMS5VB01P1","POS1      ",   1.00000
"dMS5VB01P2","POS2      ",   1.00000
"dMS5VB01P3","POS3      ",   1.00000
"dMC4VB01P5","POC5      ",   1.00000
"dMN4VB01P5","PON5      ",   1.00000
"dMP4VB01P5","POP5      ",   1.00000
"dMS4VB01P5","POS5      ",   1.00000
"dN1VB01upy","NH4       ",  -1.00000
"dN2VB01upy","NO3       ",  -1.00000
"dP1VB01upy","AAP       ",  -1.00000
"dP2VB01upy","PO4       ",  -1.00000
"dS1VB01upy","SO4       ",  -1.00000
"dS2VB01upy","SUD       ",  -1.00000
"dVB02     ","VB02      ",   1.00000
"dMrtC1VB02","VB02      ",  -1.00000
"dMrtC3VB02","VB02      ",  -1.00000
"dMrtC4VB02","VB02      ",  -1.00000
"dMrtC2VB02","VB02      ",  -1.00000
"dMrtC5VB02","VB02      ",  -1.00000
"dMC2VB02P1","POC1      ",   1.00000
"dMC2VB02P2","POC2      ",   1.00000
"dMC2VB02P3","POC3      ",   1.00000
"dMN2VB02P1","PON1      ",   1.00000
"dMN2VB02P2","PON2      ",   1.00000
"dMN2VB02P3","PON3      ",   1.00000
"dMP2VB02P1","POP1      ",   1.00000
"dMP2VB02P2","POP2      ",   1.00000
"dMP2VB02P3","POP3      ",   1.00000
"dMS2VB02P1","POS1      ",   1.00000
"dMS2VB02P2","POS2      ",   1.00000
"dMS2VB02P3","POS3      ",   1.00000
"dMC1VB02P5","POC5      ",   1.00000
"dMC3VB02P5","POC5      ",   1.00000
"dMN1VB02P5","PON5      ",   1.00000
"dMN3VB02P5","PON5      ",   1.00000
"dMP1VB02P5","POP5      ",   1.00000
"dMP3VB02P5","POP5      ",   1.00000
"dMS1VB02P5","POS5      ",   1.00000
"dMS3VB02P5","POS5      ",   1.00000
"dMC5VB02P1","POC1      ",   1.00000
"dMC5VB02P2","POC2      ",   1.00000
"dMC5VB02P3","POC3      ",   1.00000
"dMN5VB02P1","PON1      ",   1.00000
"dMN5VB02P2","PON2      ",   1.00000
"dMN5VB02P3","PON3      ",   1.00000
"dMP5VB02P1","POP1      ",   1.00000
"dMP5VB02P2","POP2      ",   1.00000
"dMP5VB02P3","POP3      ",   1.00000
"dMS5VB02P1","POS1      ",   1.00000
"dMS5VB02P2","POS2      ",   1.00000
"dMS5VB02P3","POS3      ",   1.00000
"dMC4VB02P5","POC5      ",   1.00000
"dMN4VB02P5","PON5      ",   1.00000
"dMP4VB02P5","POP5      ",   1.00000
"dMS4VB02P5","POS5      ",   1.00000
"dN1VB02upy","NH4       ",  -1.00000
"dN2VB02upy","NO3       ",  -1.00000
"dP1VB02upy","AAP       ",  -1.00000
"dP2VB02upy","PO4       ",  -1.00000
"dS1VB02upy","SO4       ",  -1.00000
"dS2VB02upy","SUD       ",  -1.00000
"dVB03     ","VB03      ",   1.00000
"dMrtC1VB03","VB03      ",  -1.00000
"dMrtC3VB03","VB03      ",  -1.00000
"dMrtC4VB03","VB03      ",  -1.00000
"dMrtC2VB03","VB03      ",  -1.00000
"dMrtC5VB03","VB03      ",  -1.00000
"dMC2VB03P1","POC1      ",   1.00000
"dMC2VB03P2","POC2      ",   1.00000
"dMC2VB03P3","POC3      ",   1.00000
"dMN2VB03P1","PON1      ",   1.00000
"dMN2VB03P2","PON2      ",   1.00000
"dMN2VB03P3","PON3      ",   1.00000
"dMP2VB03P1","POP1      ",   1.00000
"dMP2VB03P2","POP2      ",   1.00000
"dMP2VB03P3","POP3      ",   1.00000
"dMS2VB03P1","POS1      ",   1.00000
"dMS2VB03P2","POS2      ",   1.00000
"dMS2VB03P3","POS3      ",   1.00000
"dMC1VB03P5","POC5      ",   1.00000
"dMC3VB03P5","POC5      ",   1.00000
"dMN1VB03P5","PON5      ",   1.00000
"dMN3VB03P5","PON5      ",   1.00000
"dMP1VB03P5","POP5      ",   1.00000
"dMP3VB03P5","POP5      ",   1.00000
"dMS1VB03P5","POS5      ",   1.00000
"dMS3VB03P5","POS5      ",   1.00000
"dMC5VB03P1","POC1      ",   1.00000
"dMC5VB03P2","POC2      ",   1.00000
"dMC5VB03P3","POC3      ",   1.00000
"dMN5VB03P1","PON1      ",   1.00000
"dMN5VB03P2","PON2      ",   1.00000
"dMN5VB03P3","PON3      ",   1.00000
"dMP5VB03P1","POP1      ",   1.00000
"dMP5VB03P2","POP2      ",   1.00000
"dMP5VB03P3","POP3      ",   1.00000
"dMS5VB03P1","POS1      ",   1.00000
"dMS5VB03P2","POS2      ",   1.00000
"dMS5VB03P3","POS3      ",   1.00000
"dMC4VB03P5","POC5      ",   1.00000
"dMN4VB03P5","PON5      ",   1.00000
"dMP4VB03P5","POP5      ",   1.00000
"dMS4VB03P5","POS5      ",   1.00000
"dN1VB03upy","NH4       ",  -1.00000
"dN2VB03upy","NO3       ",  -1.00000
"dP1VB03upy","AAP       ",  -1.00000
"dP2VB03upy","PO4       ",  -1.00000
"dS1VB03upy","SO4       ",  -1.00000
"dS2VB03upy","SUD       ",  -1.00000
"dVB04     ","VB04      ",   1.00000
"dMrtC1VB04","VB04      ",  -1.00000
"dMrtC3VB04","VB04      ",  -1.00000
"dMrtC4VB04","VB04      ",  -1.00000
"dMrtC2VB04","VB04      ",  -1.00000
"dMrtC5VB04","VB04      ",  -1.00000
"dMC2VB04P1","POC1      ",   1.00000
"dMC2VB04P2","POC2      ",   1.00000
"dMC2VB04P3","POC3      ",   1.00000
"dMN2VB04P1","PON1      ",   1.00000
"dMN2VB04P2","PON2      ",   1.00000
"dMN2VB04P3","PON3      ",   1.00000
"dMP2VB04P1","POP1      ",   1.00000
"dMP2VB04P2","POP2      ",   1.00000
"dMP2VB04P3","POP3      ",   1.00000
"dMS2VB04P1","POS1      ",   1.00000
"dMS2VB04P2","POS2      ",   1.00000
"dMS2VB04P3","POS3      ",   1.00000
"dMC1VB04P5","POC5      ",   1.00000
"dMC3VB04P5","POC5      ",   1.00000
"dMN1VB04P5","PON5      ",   1.00000
"dMN3VB04P5","PON5      ",   1.00000
"dMP1VB04P5","POP5      ",   1.00000
"dMP3VB04P5","POP5      ",   1.00000
"dMS1VB04P5","POS5      ",   1.00000
"dMS3VB04P5","POS5      ",   1.00000
"dMC5VB04P1","POC1      ",   1.00000
"dMC5VB04P2","POC2      ",   1.00000
"dMC5VB04P3","POC3      ",   1.00000
"dMN5VB04P1","PON1      ",   1.00000
"dMN5VB04P2","PON2      ",   1.00000
"dMN5VB04P3","PON3      ",   1.00000
"dMP5VB04P1","POP1      ",   1.00000
"dMP5VB04P2","POP2      ",   1.00000
"dMP5VB04P3","POP3      ",   1.00000
"dMS5VB04P1","POS1      ",   1.00000
"dMS5VB04P2","POS2      ",   1.00000
"dMS5VB04P3","POS3      ",   1.00000
"dMC4VB04P5","POC5      ",   1.00000
"dMN4VB04P5","PON5      ",   1.00000
"dMP4VB04P5","POP5      ",   1.00000
"dMS4VB04P5","POS5      ",   1.00000
"dN1VB04upy","NH4       ",  -1.00000
"dN2VB04upy","NO3       ",  -1.00000
"dP1VB04upy","AAP       ",  -1.00000
"dP2VB04upy","PO4       ",  -1.00000
"dS1VB04upy","SO4       ",  -1.00000
"dS2VB04upy","SUD       ",  -1.00000
"dVB05     ","VB05      ",   1.00000
"dMrtC1VB05","VB05      ",  -1.00000
"dMrtC3VB05","VB05      ",  -1.00000
"dMrtC4VB05","VB05      ",  -1.00000
"dMrtC2VB05","VB05      ",  -1.00000
"dMrtC5VB05","VB05      ",  -1.00000
"dMC2VB05P1","POC1      ",   1.00000
"dMC2VB05P2","POC2      ",   1.00000
"dMC2VB05P3","POC3      ",   1.00000
"dMN2VB05P1","PON1      ",   1.00000
"dMN2VB05P2","PON2      ",   1.00000
"dMN2VB05P3","PON3      ",   1.00000
"dMP2VB05P1","POP1      ",   1.00000
"dMP2VB05P2","POP2      ",   1.00000
"dMP2VB05P3","POP3      ",   1.00000
"dMS2VB05P1","POS1      ",   1.00000
"dMS2VB05P2","POS2      ",   1.00000
"dMS2VB05P3","POS3      ",   1.00000
"dMC1VB05P5","POC5      ",   1.00000
"dMC3VB05P5","POC5      ",   1.00000
"dMN1VB05P5","PON5      ",   1.00000
"dMN3VB05P5","PON5      ",   1.00000
"dMP1VB05P5","POP5      ",   1.00000
"dMP3VB05P5","POP5      ",   1.00000
"dMS1VB05P5","POS5      ",   1.00000
"dMS3VB05P5","POS5      ",   1.00000
"dMC5VB05P1","POC1      ",   1.00000
"dMC5VB05P2","POC2      ",   1.00000
"dMC5VB05P3","POC3      ",   1.00000
"dMN5VB05P1","PON1      ",   1.00000
"dMN5VB05P2","PON2      ",   1.00000
"dMN5VB05P3","PON3      ",   1.00000
"dMP5VB05P1","POP1      ",   1.00000
"dMP5VB05P2","POP2      ",   1.00000
"dMP5VB05P3","POP3      ",   1.00000
"dMS5VB05P1","POS1      ",   1.00000
"dMS5VB05P2","POS2      ",   1.00000
"dMS5VB05P3","POS3      ",   1.00000
"dMC4VB05P5","POC5      ",   1.00000
"dMN4VB05P5","PON5      ",   1.00000
"dMP4VB05P5","POP5      ",   1.00000
"dMS4VB05P5","POS5      ",   1.00000
"dN1VB05upy","NH4       ",  -1.00000
"dN2VB05upy","NO3       ",  -1.00000
"dP1VB05upy","AAP       ",  -1.00000
"dP2VB05upy","PO4       ",  -1.00000
"dS1VB05upy","SO4       ",  -1.00000
"dS2VB05upy","SUD       ",  -1.00000
"dVB06     ","VB06      ",   1.00000
"dMrtC1VB06","VB06      ",  -1.00000
"dMrtC3VB06","VB06      ",  -1.00000
"dMrtC4VB06","VB06      ",  -1.00000
"dMrtC2VB06","VB06      ",  -1.00000
"dMrtC5VB06","VB06      ",  -1.00000
"dMC2VB06P1","POC1      ",   1.00000
"dMC2VB06P2","POC2      ",   1.00000
"dMC2VB06P3","POC3      ",   1.00000
"dMN2VB06P1","PON1      ",   1.00000
"dMN2VB06P2","PON2      ",   1.00000
"dMN2VB06P3","PON3      ",   1.00000
"dMP2VB06P1","POP1      ",   1.00000
"dMP2VB06P2","POP2      ",   1.00000
"dMP2VB06P3","POP3      ",   1.00000
"dMS2VB06P1","POS1      ",   1.00000
"dMS2VB06P2","POS2      ",   1.00000
"dMS2VB06P3","POS3      ",   1.00000
"dMC1VB06P5","POC5      ",   1.00000
"dMC3VB06P5","POC5      ",   1.00000
"dMN1VB06P5","PON5      ",   1.00000
"dMN3VB06P5","PON5      ",   1.00000
"dMP1VB06P5","POP5      ",   1.00000
"dMP3VB06P5","POP5      ",   1.00000
"dMS1VB06P5","POS5      ",   1.00000
"dMS3VB06P5","POS5      ",   1.00000
"dMC5VB06P1","POC1      ",   1.00000
"dMC5VB06P2","POC2      ",   1.00000
"dMC5VB06P3","POC3      ",   1.00000
"dMN5VB06P1","PON1      ",   1.00000
"dMN5VB06P2","PON2      ",   1.00000
"dMN5VB06P3","PON3      ",   1.00000
"dMP5VB06P1","POP1      ",   1.00000
"dMP5VB06P2","POP2      ",   1.00000
"dMP5VB06P3","POP3      ",   1.00000
"dMS5VB06P1","POS1      ",   1.00000
"dMS5VB06P2","POS2      ",   1.00000
"dMS5VB06P3","POS3      ",   1.00000
"dMC4VB06P5","POC5      ",   1.00000
"dMN4VB06P5","PON5      ",   1.00000
"dMP4VB06P5","POP5      ",   1.00000
"dMS4VB06P5","POS5      ",   1.00000
"dN1VB06upy","NH4       ",  -1.00000
"dN2VB06upy","NO3       ",  -1.00000
"dP1VB06upy","AAP       ",  -1.00000
"dP2VB06upy","PO4       ",  -1.00000
"dS1VB06upy","SO4       ",  -1.00000
"dS2VB06upy","SUD       ",  -1.00000
"dVB07     ","VB07      ",   1.00000
"dMrtC1VB07","VB07      ",  -1.00000
"dMrtC3VB07","VB07      ",  -1.00000
"dMrtC4VB07","VB07      ",  -1.00000
"dMrtC2VB07","VB07      ",  -1.00000
"dMrtC5VB07","VB07      ",  -1.00000
"dMC2VB07P1","POC1      ",   1.00000
"dMC2VB07P2","POC2      ",   1.00000
"dMC2VB07P3","POC3      ",   1.00000
"dMN2VB07P1","PON1      ",   1.00000
"dMN2VB07P2","PON2      ",   1.00000
"dMN2VB07P3","PON3      ",   1.00000
"dMP2VB07P1","POP1      ",   1.00000
"dMP2VB07P2","POP2      ",   1.00000
"dMP2VB07P3","POP3      ",   1.00000
"dMS2VB07P1","POS1      ",   1.00000
"dMS2VB07P2","POS2      ",   1.00000
"dMS2VB07P3","POS3      ",   1.00000
"dMC1VB07P5","POC5      ",   1.00000
"dMC3VB07P5","POC5      ",   1.00000
"dMN1VB07P5","PON5      ",   1.00000
"dMN3VB07P5","PON5      ",   1.00000
"dMP1VB07P5","POP5      ",   1.00000
"dMP3VB07P5","POP5      ",   1.00000
"dMS1VB07P5","POS5      ",   1.00000
"dMS3VB07P5","POS5      ",   1.00000
"dMC5VB07P1","POC1      ",   1.00000
"dMC5VB07P2","POC2      ",   1.00000
"dMC5VB07P3","POC3      ",   1.00000
"dMN5VB07P1","PON1      ",   1.00000
"dMN5VB07P2","PON2      ",   1.00000
"dMN5VB07P3","PON3      ",   1.00000
"dMP5VB07P1","POP1      ",   1.00000
"dMP5VB07P2","POP2      ",   1.00000
"dMP5VB07P3","POP3      ",   1.00000
"dMS5VB07P1","POS1      ",   1.00000
"dMS5VB07P2","POS2      ",   1.00000
"dMS5VB07P3","POS3      ",   1.00000
"dMC4VB07P5","POC5      ",   1.00000
"dMN4VB07P5","PON5      ",   1.00000
"dMP4VB07P5","POP5      ",   1.00000
"dMS4VB07P5","POS5      ",   1.00000
"dN1VB07upy","NH4       ",  -1.00000
"dN2VB07upy","NO3       ",  -1.00000
"dP1VB07upy","AAP       ",  -1.00000
"dP2VB07upy","PO4       ",  -1.00000
"dS1VB07upy","SO4       ",  -1.00000
"dS2VB07upy","SUD       ",  -1.00000
"dVB08     ","VB08      ",   1.00000
"dMrtC1VB08","VB08      ",  -1.00000
"dMrtC3VB08","VB08      ",  -1.00000
"dMrtC4VB08","VB08      ",  -1.00000
"dMrtC2VB08","VB08      ",  -1.00000
"dMrtC5VB08","VB08      ",  -1.00000
"dMC2VB08P1","POC1      ",   1.00000
"dMC2VB08P2","POC2      ",   1.00000
"dMC2VB08P3","POC3      ",   1.00000
"dMN2VB08P1","PON1      ",   1.00000
"dMN2VB08P2","PON2      ",   1.00000
"dMN2VB08P3","PON3      ",   1.00000
"dMP2VB08P1","POP1      ",   1.00000
"dMP2VB08P2","POP2      ",   1.00000
"dMP2VB08P3","POP3      ",   1.00000
"dMS2VB08P1","POS1      ",   1.00000
"dMS2VB08P2","POS2      ",   1.00000
"dMS2VB08P3","POS3      ",   1.00000
"dMC1VB08P5","POC5      ",   1.00000
"dMC3VB08P5","POC5      ",   1.00000
"dMN1VB08P5","PON5      ",   1.00000
"dMN3VB08P5","PON5      ",   1.00000
"dMP1VB08P5","POP5      ",   1.00000
"dMP3VB08P5","POP5      ",   1.00000
"dMS1VB08P5","POS5      ",   1.00000
"dMS3VB08P5","POS5      ",   1.00000
"dMC5VB08P1","POC1      ",   1.00000
"dMC5VB08P2","POC2      ",   1.00000
"dMC5VB08P3","POC3      ",   1.00000
"dMN5VB08P1","PON1      ",   1.00000
"dMN5VB08P2","PON2      ",   1.00000
"dMN5VB08P3","PON3      ",   1.00000
"dMP5VB08P1","POP1      ",   1.00000
"dMP5VB08P2","POP2      ",   1.00000
"dMP5VB08P3","POP3      ",   1.00000
"dMS5VB08P1","POS1      ",   1.00000
"dMS5VB08P2","POS2      ",   1.00000
"dMS5VB08P3","POS3      ",   1.00000
"dMC4VB08P5","POC5      ",   1.00000
"dMN4VB08P5","PON5      ",   1.00000
"dMP4VB08P5","POP5      ",   1.00000
"dMS4VB08P5","POS5      ",   1.00000
"dN1VB08upy","NH4       ",  -1.00000
"dN2VB08upy","NO3       ",  -1.00000
"dP1VB08upy","AAP       ",  -1.00000
"dP2VB08upy","PO4       ",  -1.00000
"dS1VB08upy","SO4       ",  -1.00000
"dS2VB08upy","SUD       ",  -1.00000
"dVB09     ","VB09      ",   1.00000
"dMrtC1VB09","VB09      ",  -1.00000
"dMrtC3VB09","VB09      ",  -1.00000
"dMrtC4VB09","VB09      ",  -1.00000
"dMrtC2VB09","VB09      ",  -1.00000
"dMrtC5VB09","VB09      ",  -1.00000
"dMC2VB09P1","POC1      ",   1.00000
"dMC2VB09P2","POC2      ",   1.00000
"dMC2VB09P3","POC3      ",   1.00000
"dMN2VB09P1","PON1      ",   1.00000
"dMN2VB09P2","PON2      ",   1.00000
"dMN2VB09P3","PON3      ",   1.00000
"dMP2VB09P1","POP1      ",   1.00000
"dMP2VB09P2","POP2      ",   1.00000
"dMP2VB09P3","POP3      ",   1.00000
"dMS2VB09P1","POS1      ",   1.00000
"dMS2VB09P2","POS2      ",   1.00000
"dMS2VB09P3","POS3      ",   1.00000
"dMC1VB09P5","POC5      ",   1.00000
"dMC3VB09P5","POC5      ",   1.00000
"dMN1VB09P5","PON5      ",   1.00000
"dMN3VB09P5","PON5      ",   1.00000
"dMP1VB09P5","POP5      ",   1.00000
"dMP3VB09P5","POP5      ",   1.00000
"dMS1VB09P5","POS5      ",   1.00000
"dMS3VB09P5","POS5      ",   1.00000
"dMC5VB09P1","POC1      ",   1.00000
"dMC5VB09P2","POC2      ",   1.00000
"dMC5VB09P3","POC3      ",   1.00000
"dMN5VB09P1","PON1      ",   1.00000
"dMN5VB09P2","PON2      ",   1.00000
"dMN5VB09P3","PON3      ",   1.00000
"dMP5VB09P1","POP1      ",   1.00000
"dMP5VB09P2","POP2      ",   1.00000
"dMP5VB09P3","POP3      ",   1.00000
"dMS5VB09P1","POS1      ",   1.00000
"dMS5VB09P2","POS2      ",   1.00000
"dMS5VB09P3","POS3      ",   1.00000
"dMC4VB09P5","POC5      ",   1.00000
"dMN4VB09P5","PON5      ",   1.00000
"dMP4VB09P5","POP5      ",   1.00000
"dMS4VB09P5","POS5      ",   1.00000
"dN1VB09upy","NH4       ",  -1.00000
"dN2VB09upy","NO3       ",  -1.00000
"dP1VB09upy","AAP       ",  -1.00000
"dP2VB09upy","PO4       ",  -1.00000
"dS1VB09upy","SO4       ",  -1.00000
"dS2VB09upy","SUD       ",  -1.00000
